-- phpMyAdmin SQL Dump
-- version 5.1.3
-- https://www.phpmyadmin.net/
--
-- Host: 127.0.0.1
-- Generation Time: Jun 29, 2022 at 02:07 PM
-- Server version: 10.4.24-MariaDB
-- PHP Version: 7.4.28

SET SQL_MODE = "NO_AUTO_VALUE_ON_ZERO";
START TRANSACTION;
SET time_zone = "+00:00";


/*!40101 SET @OLD_CHARACTER_SET_CLIENT=@@CHARACTER_SET_CLIENT */;
/*!40101 SET @OLD_CHARACTER_SET_RESULTS=@@CHARACTER_SET_RESULTS */;
/*!40101 SET @OLD_COLLATION_CONNECTION=@@COLLATION_CONNECTION */;
/*!40101 SET NAMES utf8mb4 */;

--
-- Database: `website_berita`
--

-- --------------------------------------------------------

--
-- Table structure for table `berita`
--

CREATE TABLE `berita` (
  `id_berita` int(11) NOT NULL,
  `id_kategori` int(11) NOT NULL,
  `judul_berita` varchar(255) NOT NULL,
  `penulis_berita` varchar(255) NOT NULL,
  `tgl_berita` date NOT NULL,
  `isi_berita` text NOT NULL,
  `gambar_berita` varchar(255) NOT NULL
) ENGINE=InnoDB DEFAULT CHARSET=utf8mb4;

--
-- Dumping data for table `berita`
--

INSERT INTO `berita` (`id_berita`, `id_kategori`, `judul_berita`, `penulis_berita`, `tgl_berita`, `isi_berita`, `gambar_berita`) VALUES
(25, 1, 'Pakar: Polarisasi Politik Mereda Usai Jokowi Tinjau Sirkuit Formula E', 'Muhamad Fajar', '2022-05-14', 'Kehadiran Presiden Joko Widodo (Jokowi) di Sirkuit Jakarta International E-Prix Circuit (JIEC) yang akan digunakan untuk ajang balapan Formula E di Ancol, Jakarta, Senin (25/4) dinilai meredamkan polarisasi politik di masyarakat. Dalam kunjungan kemarin, Jokowi didampingi Gubernur DKI Jakarta Anies Baswedan.\r\nBahkan, Anies terlihat menyopiri Jokowi menggunakan mobil buggy golf di Sirkuit Formula E. Usai kunjungan tersebut, Anies pun mengucapkan terima kasih ke Jokowi.\r\n\"Terima kasih Bapak Presiden Joko Widodo sudah menyempatkan hadir ke Sirkuit Formula E di Ancol siang ini,\" kata Anies lewat keterangan tertulis, Senin.\r\nPengamat politik dari Universitas Padjadjaran, Kunto Adi Wibowo, berpendapat, pertemuan kedua figur ini merupakan sikap legawa para elite politik untuk meredam polarisasi yang terjadi di masyarakat dalam beberapa waktu terakhir.\r\n\"(Pertemuan) Ini salah satu solusi, bagaimana elite-elite politik rela mengalah dan kemudian menunjukkan contoh bahwa sebenarnya mereka juga bersatu, enggak terpecah, sehingga yang di bawah ikut bersatu,\" ujar Kunto saat dihubungi, Selasa (26/4).\r\nSelain itu, menurut Kunto, kehadiran Jokowi memberikan dukungan tegas kepada Anies soal gelaran Formula E di Jakarta pada Juni mendatang. Ia mengatakan, Jokowi memang sejak awal tidak pernah menolak atau menentang rencana gelaran Formula E.\r\n\"Pak Jokowi dari awal juga tidak pernah menentang Formula E dan tidak pernah menghalangi kegiatan Formula E kan. Jadi, ketika Pak Jokowi mendukung, ya ini lebih eksplisit aja dukungannya,\" katanya.\r\nDukungan ini pun dinilai Kunto menunjukkan adanya perbedaan sikap PDIP di tingkat pusat dan daerah.\r\nFraksi PDIP di DPRD DKI Jakarta mengkritik gelaran Formula E dan menginisiasi hak interpelasi bersama PSI. Namun, Jokowi yang merupakan kader PDIP justru menunjukkan sikap lain.\r\n\"Memang ada ketidaksinambungan antara kebijakan pusat partai dengan partai di daerah. Apalagi Jokowi juga terlihat agak dettach, agak sedikit terpisah dari PDIP,\" ucapnya.\r\nPengamat politik dari Badan Riset dan Inovasi Nasional (BRIN), Wasisto Jati, pun mengatakan, momen Jokowi dan Anies di Sirkuit Formula E menunjukkan rekonsiliasi politik antar kedua tokoh yang selama ini menjadi sumber polarisasi.\r\nSelain itu, momen tersebut juga dapat dilihat sebagai bentuk akomodasi politik Jokowi yang menginginkan ajang gelaran Formula E sebagai peninggalan bersama Anies.\r\n\"Akomodasi politik bahwa Jokowi berupaya untuk merangkul kembali Anies untuk bisa menghadirkan ajang balapan Formula E itu sebagai legacy bersama,\" kata Wasis.\r\nLewat kehadirannya itu, menurut Wasis, Jokowi juga mengajak Anies agar bisa menyukseskan berbagai program kerja pemerintah di masa mendatang. Wasis pun memprediksi Fraksi PDIP di DPRD DKI bakal mengubah sikap karena tak mau merusak harmoni yang dibangun Jokowi.\r\n\"Saya pikir tensi politik Fraksi PDIP terhadap Anies Baswedan di DPRD DKI akan menurun seiring dengan kunjungan Jokowi. Mereka tentu tidak mau menciderai harmoni yang sedang dibangun Presiden terhadap mereka yang dianggap berseberangan,\" ujar dia.\r\n', 'Politik 1.jpeg'),
(27, 1, 'TNI AD dan AS Akan Gelar Latihan Bersama di Dua Lokasi', 'Muhamad Fajar', '2022-05-12', 'TNI Angkatan Darat dan Angkatan Darat Amerika Serikat akan menggelar latihan bersama bertajuk latihan Air Bone dan Garuda Shield pada tahun ini. \r\nKeduanya akan menggelar latihan bersama di dua lokasi berbeda, yakni di Pusat Latihan Tempur Amborawang, Kutai Kartanegara dan Baturaja, Sumatera Selatan. \r\nKepala Staf Angkatan Darat (KSAD) Jenderal Dudung Abdurachman dan Atase Angkatan Darat Amerika Serikat untuk Indonesia Kolonel Theodore Liebreich telah bertemu untuk membahas progres persiapan latihan bersama di Markas Besar Angkatan Darat (Mabesad), Jakarta, Kamis (12/5/2022). \r\nDalam pertemuan itu, Dudung menyampaikan bahwa kerja sama antara TNI AD dan AD AS telah terjalin dalam waktu yang cukup lama dan kerja sama tersebut telah dijalankan dengan baik. \r\n“Upaya kerja sama militer yang konstruktif pada dasarnya perlu dilanjutkan, karena kedua Angkatan Darat merupakan pilar utama negara masing-masing dalam bidang pertahanan,” ujar Dudung dalam keterangan tertulis, Kamis. \r\nDudung mengatakan, TNI AD akan melibatkan Batalyon Infanteri Para Raider 502/Ujwala Yudha Komando Cadangan Strategis Angkatan Darat (Kostrad) untuk latihan Air Bone. \r\nKemudian, Batalyon Infanteri Raider 515/Ugra Tapa Yudha Kostrad untuk latihan Garuda Shield. \r\nDalam kesempatan ini, Dudung juga menyampaikan bahwa berbagai bentuk kerja sama dapat ditingkatkan terutama dalam bidang pendidikan maupun latihan. \r\nDengan kerja sama itu, ia berharap bisa memberi kontribusi positif bagi upaya peningkatan hubungan kedua negara serta meningkatkan profesionalitas prajurit. “Khususnya prajurit Angkatan Darat kedua negara,” kata Dudung.', 'Politik 5.jpeg'),
(28, 2, 'Biginsight dukung pelaku bisnis jajaki transformasi digital lewat AI', 'Muhamad Fajar', '2022-04-21', 'Biginsight, perusahaan yang fokus membantu klien meningkatkan rasio konversi melalui solusi pemasaran CRM, mengungkapkan komitmennya untuk mendukung pelaku bisnis di Indonesia dalam menjajaki transformasi digital melalui artificial intelligence (AI) dan memiliki headquarter di Korea Selatan.\r\nDiketahui bahwa berdasarkan survei yang dilakukan oleh Corporate Executives and PTC, transformasi digital dapat meningkatkan efisiensi operasional sebesar 40 persen, meningkatkan kualitas produk sebesar 26 persen, dan memperkenalkan sumber pendapatan baru sebesar 21 persen. Transformasi digital tentu akan lebih maksimal dengan adanya implementasi AI.\r\n\"Untuk mengatasi tantangan umum dalam proses transformasi digital dengan AI, pelaku bisnis melalui Biginsight dapat meningkatkan akurasi perkiraan target sasaran pelanggan hingga 99 persen,\" kata GTM Strategy & Operational Manager Biginsight Salma Tarizka Noor dikutip dari siaran pers pada Jumat.\r\nDia lanjutkan, teknologi Biginsight didukung oleh real time data sehingga dapat menyajikan penawaran unik dan relevan secara otomatis untuk membuat penawaran yang tepat pada waktu yang tepat.\r\n\"Dalam industri e-commerce dan lini bisnis dengan basis data pelanggan yang banyak, AI juga dapat menjadi alat transparansi yang sangat berharga untuk menunjukkan mengapa perusahaan Anda memberikan penawaran tertentu kepada pelanggan tertentu,\" imbuhnya.\r\nSebagai informasi bahwa pada 2021, sebanyak 56 persen pelaku bisnis telah mengadopsi AI sesuai dengan hasil polling dari McKinsey yang menandakan penggunaannya terus meningkat secara signifikan.\r\nAI sudah mulai diaplikasikan di berbagai sektor dan industri untuk membantu bisnis menjadi lebih baik dalam beberapa tahun terakhir. Selain dapat menyederhanakan struktur perusahaan, AI juga dapat membantu tentukan strategi dan proses evaluasi perusahaan secara jelas.\r\nDi Indonesia sendiri, sejak awal pandemi COVID-19 pada 2020, pelaku bisnis semakin melek digital terutama dalam menentukan pasar melalui platform yang efisien.\r\nPemerintah melalui Kementerian Komunikasi dan Informatika (Kominfo) juga terus berupaya melakukan percepatan transformasi digital sebagai bagian dari revolusi industri. Tersedianya infrastruktur teknologi informasi dan komunikasi yang memadai memungkinkan para pelaku UMKM Indonesia untuk dapat beralih ke digital.\r\nBiginsight akan memberikan solusi mulai dari analisa data pelanggan, segmentasi data pelanggan mulai dari yang tingkat konversi rendah hingga yang paling tinggi, personalisasi pemasaran berdasarkan CRM yang ditujukan khusus pada setiap grup pelanggan tertentu, dan membuatkan laporan otomatis untuk setiap hasil pelaku pelanggan.', 'Bisnis 3.jpg'),
(29, 5, 'Anda Harus Mengenali Prosedur Implan Gigi', 'Muhamad Fajar\r\n', '2022-05-14', 'Implan merupakan prosedur pemasangan suatu bahan atau alat buatan di dalam tubuh. Implan gigi merupakan prosedur pemasangan akar gigi buatan seperti baut untuk menyanggah mahkota gigi buatan yang ada di atasnya. Pemasangan implan akar gigi akan diiringi dengan pemasangan mahkota. Walaupun terlihat seperti satu kesatuan, ada beberapa tahapan sampai mahkota dapat dipasang. Setiap tahapan dalam prosedur implan bergantung pada respons tubuh untuk mendapatkan hasil penyembuhan yang diharapkan sehingga prosedur ini dapat memakan waktu beberapa bulan dan berbeda pada setiap individu. Kebersihan mulut pasien dan kesehatan secara menyeluruh sangat berpengaruh terhadap keberhasilan perawatan.\r\nImplan gigi terdiri dari tiga bagian, yaitu akar gigi buatan, mahkota gigi buatan, dan abutment yang merupakan penghubung antara akar gigi buatan. Akar gigi buatan akan ditanamkan ke dalam tulang dengan prosedur pembedahan. Setelah itu, jika sudah terjadi proses penyembuhan dan adaptasi akar gigi buatan dan tulang terjadi dengan baik, dilanjutkan proses pemasangan abutment dan mahkota gigi buatan.\r\nWalaupun berisiko, implan gigi memang memiliki banyak kelebihan karena ditanam dan beradaptasi langsung dengan tulang, tentu penggunaannya jauh lebih nyaman dibandingkan gigi tiruan lepasan. Gigi lebih terlihat natural atau sama dengan gigi asli yang masih ada. Perawatan yang tidak sulit karena cukup disikat seperti gigi yang lainnya. Tidak perlu penggantian atau perawatan tahunan karena bisa digunakan seumur hidup.', 'Kesehatan 1.jpg'),
(30, 5, 'Kontrol Diabetes dan Tujuan Terapi Diabetes Melitus', 'Muhamad Fajar', '2022-04-01', 'Diabetes adalah suatu penyakit kronik, penyakit gangguan metabolik yang ditandai dengan meningkatnya kadar glukosa dalam darah (gula darah), yang dapat memicu kerusakan serius pada jantung, pembuluh darah, mata, ginjal, dan saraf. Umumnya pasien dengan diabetes harus menjalani pengobatan jangka panjang. Namun, perlu diketahui beberapa hal penting dalam terapi atau tata laksana penyakit diabetes. Tujuan terapi secara umum adalah meningkatkan kualitas hidup penyintas diabetes dan terdapat beberapa tujuan berdasarkan jangka waktunya.\r\nTujuan Jangka Pendek\r\nTujuan tata laksana diabetes jangka pendek adalah untuk menghilangkan keluhan yang disebabkan oleh diabetes, memperbaiki kulitas hidup, dan mengurangi risiko komplikasi akut.\r\nTujuan Jangka Panjang\r\nMencegah dan menghambat progresivitas penyulit atau komplikasi. Penyulit diabetes yaitu gangguan mikroangiopati dan makroaniopati. Mikroangiopati adalah gangguan pada pembuluh darah kecil di banyak organ (retinopati diabetik, nefropati, neuropati perifer, kardiomiopati). Makroangiopati adalah gangguan pada pembuluh darah besar di beberapa organ tubuh (gangguan pembuluh darah jantung, pembuluh darah tepi, gangguan pembuluh darah otak).\r\nTujuan Akhir\r\nTujuan akhir dari tata laksana diabetes adalah menurunkan angka morbiditas (angka kesakitan) dan mortalitas (angka kematian) akibat penyakit diabetes melitus.\r\nUntuk mencapai 3 tujuan besar dalam tata laksana diabetes melitus diperlukan usaha dalam pengendalian gula darah, tekanan darah, berat badan, dan profil lipid (kadar lemak/kolesterol dalam darah) melalui penanganan pasien secara kontinu dan komprehensif.', 'Kesehatan 3.jpg'),
(31, 3, 'MotoGP Tambah Alokasi Mesin untuk Rider di Penghujung Musim Ini', 'Muhamad Fajar', '2022-06-29', 'Komisi Grand Prix hari ini, Jumat (13/5/2022) mengumumkan keputusan alokasi satu mesin tambahan bagi para pebalap di akhir MotoGP 2022. Regulasi MotoGP saat ini mengatur setiap pabrikan di kelas premier mengalokasikan maksimal tujuh mesin untuk satu pebalap setiap musimnya, dan sembilan mesin bagi pabrikan pemegang hak konsesi.\r\nAkan tetapi regulasi tersebut dibuat ketika kalender terdiri kurang dari 20 balapan.\r\n\"Karena kalender 2022 bakal terdiri 21 balapan, telah disepakati mengizinkan penggunaan satu mesin tambahan asalkan, pada akhirnya, terdapat 19 balapan atau lebih. Mesin tambahan itu hanya dapat digunakan untuk balapan ke-19 atau balapan-balapan setelahnya,\" demikian pernyataan Komisi Grand Prix seperti dimuat Antara, Jumat.\r\nOleh karena itu, pabrikan akan memiliki alokasi maksimal delapan mesin (10 untuk pabrikan dengan konsesi).\r\nPenggunaan mesin ke-8 atau ke-10 hanya diperbolehkan mulai dari balapan seri ke-19.', 'olahraga 2.jpg'),
(32, 3, 'Adrian Newey: Menang Back-to-Back, Red Bull Tak Bisa Santai', 'Muhamad Fajar', '2022-06-29', 'Red Bull mampu mengklaim podium tertinggi pada dua Grand Prix terakhir Formula 1 musim ini di Imola (GP Italia) dan Florida (GP Miami) berkat kinerja solid Max Verstappen.\r\nJuara dunia bertahan F1 tersebut mengalahkan rival terberatnya musim ini Charles Lerclerc. Sukses itu membuat Verstappen terus mendekati pilot Scuderia Ferrari tersebut.    \r\nSetelah sempat tertinggal lebih dari 40 poin, Dutchman berhasil terus memperkecil jaraknya dengan Leclerc hingga sekarang menjadi 19 angka dalam klasemen sementara.\r\nSementara dalam klasemen konstruktor, Red Bull memangkas gapnya dari Ferrari setelah Sergio Perez pun tampil kuat. Kini mereka enam poin di belakang Tim Kuda Jingkrak.  \r\nNamun, berbicara tentang balapan akhir pekan musim ini, Adrian Newey mengatakan Red Bull tidak bisa santai dang mengingat kembalai gelombang persaingan di musim 2021.\r\n“Kami sangat dekat, kami tak dapat mengatakan semuanya terlihat bagus bagi Red Bull. Musim lalu kami memiliki beberapa kemenangan yang cukup baik dan dominan dalam beberapa balapan – Austria dan Meksiko – lalu race berikutnya, semua berbalik,” ujarnya dikutip dari RacingNews365.', 'olahraga 3.jpg'),
(33, 4, '3 Makanan Rendah Kalori, Bisa Dimakan Banyak Tanpa Khawatir Berat Badan Naik', 'Muhamad Fajar', '2022-06-29', 'Menurunkan berat badan secara sehat adalah tentang diet seimbang, selanjutnya memberi nutrisi pada tubuh melalui olahraga, hidrasi, dan tidur yang konsisten. Makanan tertentu tidak hanya memenuhi kebutuhan nutrisi, tapi juga mendukung penurunan berat badan.\r\nAhli diet terdaftar Veronica Rouse, Alicia Galvin, Trista Best, dan Rudolf Probst mengungkap tiga camilan yang dianggap bermanfaat untuk menurunkan berat badan. Alasannya, makanan ini menawarkan serat, protein, dan manfaat lain tanpa berisiko menambah kalori berlebihan.\r\n\r\nPopcorn tawar\r\n\r\nTanpa menambahkan mentega atau garam dalam jumlah banyak, popcorn polos dapat memenuhi keinginan ngemil tapi tetap mendukung tujuan penurunan berat badan, kata Probst. \"Popcorn adalah gandum utuh dengan kandungan serat yang lebih tinggi,\" katanya, \"Jadi Anda bisa makan banyak popcorn dan tidak khawatir menambah berat badan.\"\r\nRouse setuju, dan menambahkan bahwa karena popcorn adalah gandum utuh, makanan ini kaya akan nutrisi penting, dan memiliki kandungan serat yang tinggi. Selain itu, camilan ini rendah lemak dan rendah kalori secara keseluruhan. \"Ini membantu orang merasa kenyang karena ini adalah sejumlah besar makanan yang harus diproses perut mereka, menjadikannya camilan yang lebih mengenyangkan daripada yang lain,\" tambahnya. \"Misalnya, 3 cangkir popcorn memiliki karbohidrat sebanyak satu potong roti,\" kata dia.\r\n\r\nBiji chia\r\n\r\nBiji-bijian adalah pilihan camilan bagus, kata Galvin. Makanan ini mengandung serat, asam lemak omega 3 yang sehat, serta dapat meningkatkan sensitivitas insulin dan kadar glukosa darah. \"Ini penting untuk diketahui, perubahan kadar insulin dan kadar glukosa darah yang tinggi dapat menyebabkan penambahan berat badan di sekitar bagian tengah, kelelahan, dan peradangan,\" jelas Galvin.\r\nSerat dan lemak dalam biji chia juga membantu merasa kenyang lebih lama. Probst menambahkan bahwa biji chia tinggi protein dan kandungan serat dan memiliki serat larut yang membengkak cair di perut, membuat kenyang lebih lama.\r\n\r\nBuah kering\r\n\r\nBuah selalu menjadi pilihan camilan yang cerdas, Best menjelaskan, karena dua aspek penting yang ditawarkannya. \"Camilan terbaik adalah yang mengandung dua kualitas, rendah kalori dan kaya nutrisi, serat, dan protein yang mengenyangkan,\" katanya.\r\nBaik memilih cranberry kering, apel, kismis, dll., buah kering mudah dibawa saat bepergian, dan ditambahkan ke campuran makanan untuk mendukung usus dan mempercepat penurunan berat badan. \"Daripada memilih makanan asin olahan, pilihlah campuran yang mencakup biji-bijian, kacang-kacangan, dan buah kering,\" saran Best untuk ngemil sehat.\r\nProbst menambahkan bahwa buah kering juga merupakan camilan yang enak karena tinggi serat dan akan memberi perasaan kenyang tetapi tidak akan menambah berat badan.', 'Makanan 1.jpg'),
(34, 4, 'Pecel Pitik Makanan Khas Banyuwangi', 'Muhamad Fajar', '2022-06-29', 'Jika para penikmat kuliner mendengar kata pecel, kemungkinan besar yang terpatri di ingatan adalah beragam sayur yang diguyur dengan bumbu kacang spesial. Namun, lain halnya dengan pecel pitik, makanan tradisional hasil kreasi masyarakat Osing, suku asal Banyuwangi, Jawa Timur. Namanya memang diawali dengan kata pecel. Namun, pecel di sini bukan berasal dari bumbu kacang khas kuliner pecel pada umumnya. Menukil hasil penelitian berjudul “Pecel Pithik: Tradition, Culture, and Its Impact on The Socioeconomic Welfare of Osingese People in Banyuwangi,” dalam Karsa: Journal of Social and Islamic Culture (2018), nama pecel pithik berasal dari filosofi ‘kang diucel-ucel saben dinane ingkang gadah sing apik/ngucel-ngucel barang supaya ketitik’. Kalimat berbahasa Using tersebut memiliki arti bahwa apa yang dilakukan warga akan mengarah pada sesuatu yang layak atau baik. Penyajian pecel pithik juga didampingi dengan nasi putih dibentuk tumpeng. Hal ini juga memiliki filosofi untuk mengangkat derajat manusia. Dalam proses pembuatannya, diyakini bahwa orang yang membuat pecel pithik tidak diperbolehkan untuk banyak bicara, sebaiknya dalam keadaan suci, dan tidak boleh mencicipi makanan itu sebelum ritual adat (selamatan) dimulai. Menu pecel pitik pada mulanya disajikan saat masa sebelum tanam dan panen sebagai bentuk syukur dan doa kepada Tuhan. Pecel pitik juga selalu hadir di tradisi ritual Barong Ider Bumi, Tumpeng Sewu, serta doa kirim leluhur di Desa Kemiren, Kecamatan Glagah, Banyuwangi. Namun, seiring dengan perkembangan industri pariwisata Kabupaten Banyuwangi yang makin maju, pecel pithik telah mudah untuk ditemui. Pecel pithik kini bisa ditemukan pada acara festival yang diselenggarakan pemerintah, maupun rumah makan yang tersebar di sekitar desa Kemiren.', 'Makanan 4.jpg'),
(35, 2, 'Bisnis Restoran Cepat Saji Terus Menunjukkan Tren Pemulihan', 'Muhamad Fajar', '2022-05-07', 'Bisnis restoran cepat saji kian pulih semenjak meredanya pandemi yang menghapuskan sejumlah pembatasan. Himpunan Peritel & Penyewa Pusat Perbelanjaan Indonesia (HIPPINDO) menilai bisnis restoran sudah mendapatkan kepercayaan masyarakat kembali. \r\n“Resto cepat saji itu berada di payung besarnya bisnis restoran. Artinya, baik resto cepat saji, kafe atau restoran model apapun saat ini sudah mulai pulih karena kondisi PPKM dilonggarkan,” ujar Ketua Umum Hippindo Budiarjo Iduansjah kepada Kontan, Kamis (5/5). \r\nHakikatnya, lanjut Budiarjo, kebutuhan masyarakat yang utama adalah makan sebagai kebutuhan primer. Untuk itu, menurutnya bisnis restoran cepat saji akan selalu memilik prospek yang cerah. \r\n“Di seluruh dunia memang bisnis restoran lagi naik. Misalnya Starbucks. Selain itu, artisan lokal juga berkembang pesat seperti Kopi Kenangan. Memang milenial selalu ada keinginan berbeda,” tuturnya. \r\nBudiarjo menilai, maka tak heran banyak perusahaan yang melakukan ekspansi ke bisnis resto cepat saji sekalipun bukan bergerak di bisnis Food & Beverages (F&B) sebelumnya. \r\nDirinya mencontohkan PT Erajaya Swasembada Tbk (ERAA) sebagai perusahaan yang ekspansi ke bisnis restoran. Lama dikenal sebagai pengecer produk dan layanan mobile elektronik melalui Erafone, Erajaya turut memperluas bisnisnya dengan membuat Erajaya Food & Nourishment. \r\nSebagai informasi, Erajaya pada tahun lalu telah menjalin kerja sama dengan perusahaan bakery asal Prancis Paris Baguette (PB). Sejauh ini, Paris Baguette yang telah populer di pasar luar negeri ini telah memiliki 3 toko di Indonesia. Budiarjo bilang, hal seperti ini dilakukan karena bisnis resto cepat saji akan terus berkembang. “Soal bisnis cepat saji itu kan menyediakan kemudahan kecepatan dan harga yang ekonomis dengan dibarengi paket-paket promo, jadi terus berkembang. Terlebih lagi, bisa dine-in dan takeaway jadi bebas milih,” ungkapnya. \r\nKe depan, diprediksi persaingan bisnis resto cepat saji akan terus menarik. Menurut Budiarjo, hal tersebut karena setiap pelaku usaha akan mencoba bersaing dari sisi inovasi produk satu sama lain.', 'Bisnis 4.jpg'),
(36, 6, 'Konsep Merdeka Belajar Diambil dari Pemikiran Ki Hajar Dewantara', 'Muhamad Fajar', '2022-06-29', 'Direktur Jenderal Guru dan Tenaga Kependidikan Kementerian Pendidikan, Kebudayaan, Riset, dan Teknologi (Kemendikbud ristek), Iwan Syahril menjelaskan, program Merdeka Belajar merupakan filosofi yang berasal dari pemikiran Ki Hajar Dewantara, Bapak Pendidikan Nasional. \r\nMerdeka Belajar fokus pada asas kemerdekaan dalam menerapkan materi yang esensial dan fleksibel sesuai dengan minat, kebutuhan, dan karakteristik dari peserta didik. \r\n\"Ki Hajar Dewantara melarang adanya paksaan kepada anak didik karena akan mematikan jiwa merdeka serta kreativitasnya. Merdeka Belajar memberikan kebebasan bagi guru dan siswa untuk menerapkan sistem pembelajaran yang efektif dan menyenangkan sehingga nantinya turut meningkatkan kualitas sistem pendidikan nasional,\" ungkap Iwan dalam keterangannya, Kamis (12/4/2022). \r\nGuru SMAN 6 Bone, Sulawesi Selatan, Alihidayat menyatakan, Merdeka Belajar memberikan kebebasan kepada dirinya untuk melakukan belajar dan mengajar sesuai dengan minatnya. \"Begitu mengikuti Merdeka Belajar, ternyata begitu asik dan ini memberikan gambaran bagaimana diri kita yang sebenarnya. Keberhasilan ini yang menyemangati saya sehingga menyelesaikan modul dan melakukan aksi nyata dalam pembelajaran,\" kata Alihidayat.\r\n Berkat keberhasilan tersebut, kini Alihidayat konsisten menerapkan metode pembelajaran yang berdasarkan sesuai dengan minat peserta didik. Mulai dari memberikan kebebasan untuk memilih topik, metode, dan alat pembelajaran yang sesuai keinginan siswa. \"Saya sudah coba mempratikkan untuk membebaskan siswa memilih topik pelajaran yang ingin dipelajari, ternyata hasilnya luar biasa,\" kata dia. Selain itu, Alihidayat juga mendorong adanya kolaborasi antara guru dan murid dalam pemanfaatan teknologi. Sebagai contoh, dia mengajak para peserta untuk membuat presentasi melalui platform Canva.\r\n\"Saya juga mengajak guru-guru membuat presentasi yang menarik untuk metode pembelajaran,\" jelas dia. Guru SMPN 3 Huristak Satu Atap, Sumatera Utara, Manja Mulyani Siregar menambahkan, kebijakan Merdeka Belajar mendorong dirinya untuk menerapkan suasana belajar yang kondusif agar peserta didiknya lebih fokus mengikuti pembelajaran.\r\n \"Menciptakan lingkungan yang menyenangkan dan nyaman ternyata sangat berdampak terhadap motivasi murid dalam belajar. Murid-murid bersemangat setiap akan mulai pembelajaran, hal ini sangat positif apabila terus dijalankan,\" ucap Manja Mulyani. Tak hanya itu, Manja Mulyani juga ingin memaksimalkan penggunaan teknologi dalam proses belajar-mengajar. \"Meski sekolah masih di pelosok, saya ingin para siswa maju sehingga memajukan pembelajaran dengan teknologi. Salah satu contohnya aplikasi untuk membuat kuis,\" tutup dia.', 'edukasi 5.jpg'),
(37, 6, 'Kado Hardiknas, Disdik Jabar Bakal Berangkatkan Kepala Sekolah Berprestasi ke Jepang', 'Muhamad Fajar', '2022-06-29', 'Di momen Hari Pendidikan Nasional (Hardiknas) Tahun 2022, Dinas Pendidikan (Disdik) Jawa Barat (Jabar) memberikan kado istimewa bagi kepala sekolah berprestasi di Jabar. Disdik Jabar akan memberangkatkan kepala sekolah berprestasi untuk studi banding ke Jepang bersama Wakil Gubernur Jabar, Uu Ruzhanul Ulum. \r\nWagub Jabar, Uu Ruzhanul Ulum mengatakan bahwa tujuan studi banding ini adalah untuk meningkatkan wawasan kepala sekolah, sekaligus bentuk apresiasi kepada kepala sekolah berprestasi. \"Mudah-mudahan ini bisa menjadi motivasi agar kepala sekolah berdedikasi lebih hebat lagi, makanya saya sayembarakan. Seleksinya ditentukan oleh Disdik,\" paparnya seperti dilansir dari laman Disdik Jabar.\r\nSementara itu, Kadisdik Jabar, Dedi Supandi menjelaskan bahwa hal tersebut adalah tindak lanjut program kerja sama antara Pemprov Jabar dan Kedutaan Besar Republik Indonesia (KBRI) Jepang. \r\n\"KBRI ingin ada kerja sama dengan Jabar, terutama untuk pengiriman tenaga kerja dari lulusan SMK,\" ujar Kadisdik usai mengikuti Upacara Peringatan Hardiknas hari ini, Rabu (11/5/2022). Kadisdik mengatakan, kriteria pertama kemungkinan adalah kepala SMK. Sebab, jejaring yang akan dihubungkan adalah jejaring tenaga kerja. \"Nanti, kepala sekolah siapa yang akan diberangkatkan, kita akan lakukan seleksi mulai dari cabang dinas,\" jelasnya. Ia mengatakan bahwa Disdik Jabar akan segera menyosialisasikan dan membuat formulasi seleksi. Rencananya, keberangkatan ke Negeri Matahari Terbit tersebut dijadwalkan Juni 2022.', 'edukasi 1.jpeg'),
(38, 6, 'Aturan Baru PTM 100 Persen: Sekolah Bisa Ditutup karena Hal Ini', 'Muhamad Fajar', '2022-03-03', 'Pembelajaran Tatap Muka (PTM) di masing-masing jenjang pendidikan kini sudah bisa dilaksanakan 100 persen. \r\nHal ini mengacu pada aturan Menteri Pendidikan, Kebudayaan, Riset, dan Teknologi (Mendikbudristek), Menteri Agama (Menag), Menteri Kesehatan (Menkes), dan Menteri Dalam Negeri (Mendagri) menerbitkan Keputusan Bersama (SKB Empat Menteri) Nomor 01/KB/2022, Nomor 408 Tahun 2022, Nomor HK.01.08/MENKES/1140/2022, Nomor 420-1026 Tahun 2022 tentang Panduan Penyelenggaraan Pembelajaran di Masa Pandemi Covid-19. \r\nTetapi, penyelenggaraan PTM 100 persen bisa dihentikan total hingga 10 hari dengan catatan khusus, yakni mengenai adanya temuan kasus Covid-19 di sekolah. \r\n\"Apabila ditemukan kasus positif terkonfirmasi lebih dari 5 persen dan terjadi klaster penularan, maka PTM dapat dihentikan sementara sekurang-kurangnya 10x24 jam,\" jelas Sekretaris Jenderal Kementerian Pendidikan, Kebudayaan, Riset, dan Teknologi (Sesjen Kemendikbudristek) Suharti, dilansir dari rilis Kemdikbud. \r\nNamun, apabila setelah dilakukan surveilans dan ditetapkan bukan merupakan klaster penularan dan angka terkonfirmasi positif di bawah 5 persen, maka PTM terbatas hanya dihentikan pada kelompok belajar yang terdapat kasus konfirmasi dan/atau kontak erat Covid-19 selama 5x24 jam. \r\nSelanjutnya, apabila hasil surveilans perilaku di satuan pendidikan di bawah 80 persen, maka perlu dilakukan asesmen ulang kesiapan daftar periksa dan penerapan protokol kesehatan, jelas Sesjen Kemendikbudristek. \r\nUntuk itu, sekolah harus waspada dan tetap mematuhi aturan yang ditetapkan. Berdasarkan level Pemberlakuan Pembatasan Kegiatan Masyarakat (PPKM) yang ditetapkan pemerintah pusat dan capaian vaksinasi pendidik dan tenaga kependidikan (PTK), serta warga masyarakat lansia. \r\n\"Penetapan level PPKM masih diatur melalui Instruksi Menteri Dalam Negeri yang disesuaikan berkala,\" jelas Sekretaris Jenderal Kementerian Pendidikan, Kebudayaan, Riset, dan Teknologi (Sesjen Kemendikbudristek) Suharti, dilansir dari laman Kemdikbud. Untuk aturannya sendiri, seperti ini rinciannya \r\nPPKM Level 1 dan 2 \r\nBagi satuan pendidikan yang berada pada PPKM Level 1 dan Level 2 dengan capaian vaksinasi PTK di atas 80 persen dan lanjut usia (lansia) di atas 60 persen, diwajibkan menyelenggarakan PTM 100 persen setiap hari dengan Jam Pembelajaran (JP) sesuai kurikulum.\r\nBagi yang capaian vaksinasi PTK di bawah 80 persen dan lansia di bawah 60 persen juga diwajibkan menyelenggarakan PTM 100 persen setiap hari dengan durasi pembelajaran paling sedikit 6 JP. \r\nPPKM Level 3 \r\nBagi satuan pendidikan yang berada di wilayah PPKM level 3 dengan capaian vaksinasi PTK di atas 80 persen dan lansia di atas 60 persen, diwajibkan menyelenggarakan PTM 100 persen setiap hari dengan JP sesuai kurikulum. \r\nSedangkan yang capaian vaksinasi PTK di bawah 80 persen dan lansia di bawah 60 persen, diwajibkan menyelenggarakan PTM 50 persen setiap hari secara bergantian dengan moda pembelajaran campuran maksimal 6 JP. \r\nPPKM Level 4 \r\nUntuk satuan pendidikan pada wilayah PPKM level 4, dengan vaksinasi PTK di atas 80 persen dan lansia lebih dari 60 persen diwajibkan menyelenggarakan PTM 50 persen setiap hari secara bergantian dengan moda pembelajaran campuran maksimal 6 JP. \r\n\"Sementara yang vaksinasi PTK-nya di bawah 80 persen dan vaksinasi lansianya di bawah 60 persen masih diwajibkan untuk melaksanakan PJJ,\" katanya, lebih lanjut. \r\nAturan PTM di daerah khusus \r\nSementara satuan pendidikan yang berada pada daerah khusus berdasarkan kondisi geografis terpencil sesuai dengan Kepmendikbudristek Nomor 160/P/2021, juga dapat menyelenggarakan pembelajaran tatap muka secara penuh (100 persen) dengan kapasitas peserta didik seratus persen. \r\nSuharti mengatakan bahwa penyesuaian aturan telah melalui pembahasan lintas sektor dengan mempertimbangkan hasil penilaian situasi pandemi Covid-19 terkini dengan melibatkan para pakar pendidikan dan epidemiolog.\r\n\"SKB Empat Menteri yang terbaru menjadi acuan untuk Pemerintah Daerah dalam pelaksanaan PTM. Pemerintah daerah tidak diperkenankan menambahkan pengaturan atau persyaratan lain,\" ujarnya. \r\nBeberapa perubahan aktivitas dalam pembelajaran tatap muka di antaranya, dapat kembali dilaksanakannya kegiatan ekstrakurikuler dan olahraga dengan ketentuan aktivitas dilakukan di luar ruangan/ruang terbuka. \r\nSelain itu, kantin kembali dibuka dengan kapasitas pengunjung maksimal 75 persen untuk PPKM Level 1, 2 dan 3 dan 50 persen bagi satuan pendidikan di PPKM level 4. Pengelolaan kantin dilaksanakan sesuai dengan kriteria kantin sehat dan tetap menerapkan protokol kesehatan yang ketat. \r\n\"Karena tidak semua anak bisa membawa bekal dari rumah, maka kita berikan izin agar kantin sekolah dapat kembali beroperasi dengan penerapan protokol kesehatan,\" kata Suharti. Orangtua/wali peserta didik masih dapat memilih sehingga anaknya dapat mengikuti pembelajaran tatap muka atau pembelajaran jarak jauh sampai tahun ajaran 2021/2022 berakhir. \r\n\"Bagi orang tua/wali yang masih memilih pembelajaran jarak jauh perlu melampirkan surat keterangan kesehatan anaknya dari dokter,\" ujar Suharti. Pemerintah pusat dan pemerintah daerah sesuai dengan kewenangannya wajib melakukan pengawasan dan evaluasi secara berkala terhadap pelaksanaan pembelajaran dan melakukan surveilans epidemiologis. \r\nJika sekolah terbukti melakukan pelanggaran protokol kesehatan pada saat pembelajaran tatap muka berlangsung dapat diberikan sanksi oleh pemerintah pusat, pemerintah daerah, ataupun kantor wilayah Kementerian Agama provinsi/kabupaten/kota sesuai dengan kewenangannya.', 'edukasi 6.jpeg'),
(39, 1, 'Sempat Ditangkap saat Demo 21 April, Anggota Blok Politik Pelajar Akhirnya Dibebaskan Polisi', 'Muhamad Fajar', '2022-04-24', 'Polres Metro Jakarta Pusat akhirnya membebaskan SH, anggota Blok Politik Pelajar (BPP) yang ditangkap saat demo mahasiswa di kawasan Patung Kuda, Jakarta Pusat pada Kamis (21/4/2022) kemarin.\r\nBebasnya, SH disampaikan oleh Anggota BPP, Iqbal Ramadhan. Iqbal mengatakan rekannya itu dibebaskan sekitar pukul 14.00 WIB, Jumat (22/4/2022).\r\n\"Sudah dibebaskan tadi pukul 14.00 WIB,\" kata dia kepada, Jumat (22/4/2022).\r\nSebelumnya, SH dilaporkan mengalami gangguan pendengaran karena diduga dipukul saat ditangkap polisi.\r\nJuru Bicara Blok Politik Pelajar (BPP), Delpedro Marhaen mengatakan terduga pelaku pemukulan adalah seorang anggota Brimob.\r\n\"Ketika dipejalanan ada satu anggota brimob yang memukul SH dibagian telinga. Pukulan itu membuat SH mengalami kesulitan dalam mendengar,\" kata Pedro, Jumat (22/4/2022).\r\nNamun sebelum itu, saat awal ditangkap sudah mengalami dugaan tindak kekerasan oleh kepolisian.\r\n\"Kekerasan yang dialami oleh SH pertama ketika dipiting dan dipukul dibagian dahi kemudian dibawa masuk ke mobil,\" ungkap Pedro.\r\nBahkan selain itu, SH juga diduga mengalami kekerasan verbal yang merendahkan dirinya dan diancam dibunuh.\r\n\"Ia disebut anak lahir dari kotoran, lalu dipukul dan diancam akan dibunuh,\" kata Pedro.\r\nKekinian, SH telah dibebaskan oleh Polres Metro Jakarta Pusat. Pedro mengatakan saat ini pihaknya sedang berdiskusi dengan pihak kuasa hukumnya untuk rencana melakukan tuntutan. Sementara SH akan menjalani visum.\r\nBantah Provokator\r\nSebelumnya, BPP membantah SH adalah provokator dalam aksi unjuk rasa AMI di Patung Kuda pada Kamis (21/4/2022) kemarin.\r\n\"SH bukan provokator dan penyusup, ia adalah salah satu rekan dari Blok Politik Pelajar (BPP), yang juga BPP tergabung di dalam Aliansi Mahasiswa Indonesia,\" kata Pedro.\r\nPedro menegaskan SH adalah bagian dari massa AMI, bukan penyusup.\r\n\"Kehadiran SH dalam aksi tersebut merupakan kapasitasnya sebagai massa aksi yang tergabung dalam BPP dan AMI,\" tegasnya.', 'Politik 7.jpg'),
(40, 4, 'Kenapa Makanan di Solo dan Jogja Rasanya Manis?', 'Muhamad Fajar', '2022-06-29', 'Cita rasa makanan di Kota Solo, Jawa Tengah, dan Kota Gudeg, Jogja, Daerah Istimewa Yogyakarta (DIY), cenderung manis. Hal inilah yang menjadi salah satu kemiripan dari dua kota kembar tersebut.\r\nTahukah Anda mengapa rasa makanan di Solo dan Jogja cenderung manis? Cita rasa makanan ini ternyata memiliki sejarah panjang, bahkan sejak zaman penjajahan Belanda.\r\nDikutip dari buku bertajuk Antropologi Kuliner Nusantara: Ekonomi, Politik, dan Sejarah di Belakang Bumbu Makanan Nusantara, Jumat (8/4/2022), Pulau Jawa pada masa Belanda sekitar 1830 mendapatkan banyak suplai gula. Hal ini terjadi karena sistem taanam paksa yang diterapkan pemerintah Hindia Belanda.\r\nKala itu pemerintah Belanda mewajibkan petani di Jawa menanam tanaman komoditas ekspor seperti tebu, kopi, dan teh. Petani di kawasan Jawa Tengah hingga Jawa Timur dipaksa menanam tebu. Sebab, kondisi lahan di sana sangat ideal untuk menanam tanaman penghasil gula.\r\nSistem tanam paksa itu pun berlangsung sekitar sembilan tahun. Hal ini berdampak pada 70% lahan pertanian yang disulap menjadi perkebunan tebu.\r\nPada perkembangan selanjutnya, muncul ratusan pabrik gula di Jawa Tengah dan Jawa Timur. Sekitar 1830-1870 terjadi krisis pangan yang menyengsarakan kehidupan masyarakat pribumi di Pulau Jawa.\r\nMereka pun bertahan hidup dengan mengolah tebu menjadi bahan baku aneka makanan. Hal inilah yang membuat orang Jawa pada umumnya akrab dengan cita rasa makanan manis, bahkan sampai saat ini.', 'Makanan 3.jpg'),
(41, 2, 'Telkom Lakukan Penyertaan Modal ke TelkomSigma untuk Perkuat Bisnis B2B IT Digital Services', 'Muhamad Fajar', '2022-06-29', 'PT Telkom Indonesia Tbk (Telkom) memperkuat bisnis B2B IT Digital Services melalui pengambilalihan PT Sigma Cipta Caraka (TelkomSigma) dengan penyertaan modal sebesar Rp2,6 triliun. Hal ini ditandai dengan penandatanganan Akta Pengambilalihan antara Telkom dan TelkomSigma, yang dihadiri secara fisik oleh Direktur Keuangan & Manajemen Risiko Telkom Heri Supriadi, Direktur Utama TelkomMetra Pramasaleh Hario Utomo, Direktur Utama TelkomSigma Bhimo Aryanto, dan Direktur Keuangan & Manajemen Risiko Sigma Tata Sadaya T. Hercules. Turut hadir secara daring, Direktur Strategic Portofolio Telkom Budi Setyawan Wijaya.\r\nPenyertaan modal ini dalam rangka penguatan dan transformasi perusahaan sesuai rencana strategis transformasi, yang merupakan bagian dari strategi grup yang menjadikan TelkomSigma sebagai direct subsidiary Telkom, dimana sebelumnya merupakan anak perusahaan Telkom Metra. Hal ini merupakan salah satu Strategic Initiative untuk mengakselerasi TelkomSigma menjadi B2B IT Digital Service Leader.\r\nBerdasarkan riset yang dilakukan oleh Gartner (2021), pasar bisnis Cloud dan B2B IT Services di Indonesia diproyeksikan meningkat signifikan, masing-masing dengan CAGR 27% untuk Cloud dan CAGR 7% untuk B2B IT Service pada tahun 2024. Adanya pandemi Covid-19 juga berperan dalam peningkatan adopsi Cloud dan mempercepat transformasi digital.\r\nHal ini juga menjadi peluang bagi TelkomGroup melalui Telkomsigma dengan portofolio bisnis B2B IT Services yang dimilikinya. Untuk itu, TelkomSigma terus bersiap demi mengantisipasi kenaikan permintaan Cloud di masa mendatang, dengan memperluas layanan dan menggandeng kerja sama dengan pemain global. TelkomSigma sendiri merupakan salah satu perusahaan penyedia layanan dan solusi berbasis ICT terdepan di Indonesia dengan lebih dari 450 klien dari berbagai industri, seperti perbankan, telekomunikasi, energi, transportasi, manufaktur, dan lainnya.\r\nSecara daring, Direktur Strategic Portfolio Telkom Budi Setyawan Wijaya menyampaikan, penyertaan modal yang dilakukan Telkom kepada TelkomSigma merupakan bagian dari transformasi TelkomGroup menuju digital-ready organization, termasuk pindah ke entitas yang lebih ramping untuk memaksimalkan value dan bentuk komitmen Telkom untuk menjadikan TelkomSigma sebagai B2B IT Service Co yang kuat.\r\n“Setelah aksi korporasi ini, TelkomSigma akan memfokuskan portofolio bisnisnya pada IT Services, Cloud, dan Digital Services dengan mempertimbangkan potensi pertumbuhan yang signifikan hingga beberapa tahun mendatang, khususnya peningkatan permintaan Cloud dan IT Services di pasar Indonesia. Ke depan, TelkomSigma diharapkan dapat melayani dengan kapasitas layanan Cloud yang lebih besar dan performansi yang lebih excellence,” ujar Direktur Keuangan & Manajemen Risiko Heri Supriadi.\r\nDengan adanya penyertaan modal ini, TelkomSigma diharapkan dapat lebih agresif mendukung kebutuhan ICT berbagai pihak untuk memberikan value terbaik bagi stakeholders.', 'Bisnis 1.jpg'),
(42, 2, 'Go Global, BSI Ekspansi Bisnis dan Layanan ke Timur Tengah', 'Muhamad Fajar', '2022-06-29', 'Saat ini perusahaan-perusahaan di Indonesia makin sadar pentingnya menjalankan bisnis berkelanjutan. Perusahaan tidak hanya mengejar profit, tetapi bisnis ramah lingkungan (planet) dan peduli terhadap masyarakat (people). Pendekatan yang digunakan adalah Sustainable Development Goals (SDGs) atau Tujuan Pembangunan Berkelanjutan dan Environment, Social, and Governance (ESG).\r\nHal terungkap pada ajang Indonesia Green & Sustainable Companies Award (IGSCA) yang digelar Majalah SWA dan SWAnetwork Kamis (12/5/2022). \"Awarding ini merupakan pengembangan dari penghargaan sebelumnya, Indonesia Green Companies Achievement, yang telah delapan kali diselenggarakan,” kata Group Chief Editor SWA Media Kemal E.Gani, dalam keterangan tertulisnya Senin (10/4/2022).\r\nAdapun kriteria penilaian IGSCA terdiri dari aspek ekonomi berkelanjutan, inklusi sosial, kesejahteraan, dan kenyamanan karyawan, pengelolaan lingkungan, serta standar etika dan kepatuhan (compliance).\r\nMenurut Darwina Wijayanti, salah seorang juri IGSCA 2022, aspek penting dalam kompetisi IGSCA adalah masuknya unsur keberlanjutan dalam melakukan bisnis. \"Perusahaan diharapkan tidak hanya mengejar profit, melainkan harus memperhatikan aspek keadilan sosial dan kelestarian lingkungan,\" kata dia.\r\nMenteri Negara Lingkungan Hidup (1999-2001) sekaligus juri IGSCA 2022 Sonny Keraf mengatakan perusahaan-perusahaan yang mengikuti IGSCA 2022 menunjukkan model bisnis berlandaskan prinsip ekonomi sirkular. Dia menyoroti program perusahaan sudah mengimplementasikan manajemen produksi yang ramah lingkungan.\r\n“Perusahaan-perusahaan peserta IGCSA 2022 selektif memilih bahan baku, mempraktikkan manajemen limbah, hingga berinisiatif memberikan dampak positif kepada aspek sosial, yaitu memberdayakan masyarakat sekitar untuk memasok kebutuhan, jasa, dan aktivitas produksi sehingga berdampak terhadap perekonomian masyarakat,” jelasnya.\r\nPresiden Direktur Indonesia Infrastructure Finance Reynaldi Hermansjah yang mengisi sesi webinar dalam rangkaian acara itu berharap Indonesia Infrastructure Finance (IIF) menjadi lembaga keuangan yang melakukan pembiayaan dan advisory di bidang infrastruktur di Indonesia dengan mengedepankan aspek sustainability.\r\nSalah satu keunikan IIF adalah seluruh proyek yang dibiayai kata dia, harus mengimplementasikan aspek ESG berstandar internasional. Dia mencontohkan IIF mendanai proyek infrastruktur pembangkit listrik tenaga minihidro sebesar 7,4 MWh yang bisa memangkas emisi karbon. IIF juga melakukan manajemen sosial seiring diimplementasikannya pemberdayaan masyarakat serta kewirausahaan dan manajemen lingkungan hidup', 'Bisnis 7.jpg'),
(43, 3, 'Carlos Alcaraz Absen di Roma Masters', 'Muhamad Fajar', '2022-06-29', 'Madrid: Juara Madrid Open yang baru dinobatkan Carlos Alcaraz mengatakan bahwa dia memutuskan untuk melewatkan Roma Masters. Sebab, dirinya menjalani pemulihan cedera pergelangan kaki menjelang French Open akhir bulan ini.\r\nAlcaraz, yang pergelangan kakinya terkilir di perempat final di Madrid, mengatasi rasa sakitnya untuk mengalahkan tiga pemain lima besar -- Rafael Nadal, Novak Djokovic dan Alexander Zverev -- untuk memenangi gelar Masters keduanya beberapa hari setelah ulang tahunnya yang ke-19.\r\n\"Akibat jatuh yang saya alami, pergelangan kaki saya mengalami masalah dan pagi ini sedikit lebih bengkak. Juga kaki saya melepuh yang sedikit terinfeksi dan agak sulit untuk memulai hari ini,\" kata Alcaraz. \r\n\"Sulit bagi saya untuk berjalan tetapi setelah beberapa saat dengan tim saya, dengan fisioterapis, dengan dokter, kami telah berhasil memperbaikinya untuk melakukan sesuatu untuk dapat menjadi 100 persen hari ini.\"\r\n\"Saya memikirkannya (bermain di Roma). Saya pikir mengingat kondisi kaki dan pergelangan kaki saya, saya sangat bersemangat untuk bertarung memperebutkan Grand Slam. Saya pikir lebih baik istirahat, memulihkan pergelangan kaki saya, memulihkan diri. kakiku, agar berada di Paris dengan kondisi 100 persen.\"\r\nAlcaraz mengalahkan Zverev 6-3 6-1 hanya dalam 62 menit di final dan gelar tunggal keempatnya tahun ini akan membawanya naik ke peringkat keenam.\r\nZverev mengatakan petenis muda Spanyol itu sekarang adalah \"pemain terbaik di dunia\" tetapi Alcaraz tidak mau takabur.\r\n\"Djokovic adalah nomor satu di peringkat. Karena saya telah memenangi Barcelona dan saya telah mengalahkan Djokovic dan Rafa di Madrid, saya tidak menganggap diri saya sebagai pemain terbaik di dunia,\" kata Alcaraz.\r\n\"Saya juga berpikir bahwa besok saya akan berada di urutan keenam, jadi saya masih memiliki lima pemain di depan saya untuk menjadi yang terbaik.\"', 'olahraga 4.jpg'),
(44, 3, 'Thomas Cup 2022: Duel Lawan Kento Momota Sudah Dinanti, Ini Jawaban Anthony Ginting', 'Muhamad Fajar', '2022-06-29', 'Anthony Sinisuka Ginting berpotensi bentrok dengan raja bulu tangkis Jepang, Kento Momota di semifinal Thomas Cup 2022.\r\nGinting dan Momota merupakan tunggal putra terbaik yang dimiliki Indonesia dan Jepang sehingga berpeluang diturunkan di partai pertama.\r\nMenilik rekor pertemuan, Momota unggul jauh di atas Ginting. Pemain kelahiran Mino, Kagawa, Jepang itu mengemas 11 kali menang, sementara Ginting hanya menang 4 kali.\r\nKendati punya rekor kurang apik, Ginting menilai Momota juga sedang diganggu inkonsistensi seperti yang dia alami. \r\nUntuk itu, dia mencoba untuk tetap fokus dan tidak terpengaruh dengan hal di luar lapangan.\r\n\"Momota juga sedang berusaha kembali ke top performance. Bagi saya yang terpenting saat ini adalah tetap fokus saja,\" ucap Ginting dalam video yang diunggah Badmintalk.\r\nPertarungan Ginting vs Momota menjadi salah satu partai yang paling dinanti pencinta bulu tangkis tanah air. Duel kedua pemain ini, bahkan memiliki istilah tersendiri, yakni MomoGi alias MomotaGinting.\r\nHingga berita ini diturunkan, PBSI belum merilis daftar pemain yang diturunkan melawan Jepang.\r\nDuel Indonesia vs Jepang di semifinal Piala Thomas 2022 akan berlangsung hari ini, Jumat (13/5) pukul 18.00 WIB di Impact Arena, Bangkok, Thailand.', 'olahraga 5.jpg'),
(45, 1, 'Wagub DKI: JIS Tak Boleh Digunakan untuk Kepentingan Politik!', 'Muhamad Fajar', '2022-05-14', 'Wakil Gubernur DKI Jakarta, Ahmad Riza Patria menegaskan penggunaan Jakarta International Stadium (JIS) tidak diperbolehkan untuk kepentingan politik. Dia menyebut JIS harus digunakan untuk kepentingan bersama.\r\n\"JIS itu digunakan bersama untuk olahraga kepentingan seni budaya bahkan kepentingan agama. JIS tidak boleh digunakan untuk kepentingan politik,\" ujar Riza kepada wartawan, Jumat (6/5/2022).\r\nHal itu dia katakan merespons permintaan Serikat Buruh yang hendak melakukan May Day Fiesta di JIS dan sempat ditolak Pemprov DKI Jakarta. Namun, secara terpisah Presiden KSPSI Andi Gani Nena Wea menyampaikan buruh diizinkan menggelar May Day Fiesta untuk memperingati hari buruh di Jakarta International Stadium (JIS).\r\nMeski telah mendapat izin di JIS, gelaran May Day Fiesta tetap akan dilaksanakan di Gelora Bung Karno (GBK).\r\n\"Kami menganggap GBK di titik tengah, tidak ada alasan politis apa pun. JIS, saya tegaskan, akhirnya kemarin diizinkan. Tapi kami tetap memutuskan memilih GBK untuk May Day Fiesta 2022. Di JIS kami pastikan tadinya diizinkan tapi kami lebih memilih GBK,\" kata Andi Gani di Patung Kuda, Jakarta, Kamis (5/5).\r\nAndi menuturkan kapasitas GBK lebih besar jika dibandingkan JIS. Dia memastikan penerapan protokol kesehatan akan dilakukan dengan ketat.\r\n\"Kapasitasnya lebih besar karena 65 ribu massa buruh, kami juga membatasi setiap bangku, diberi jarak satu bangku satu bangku untuk physical distancing untuk prokes yang ketat,\" katanya.\r\nAndi mengatakan hari ini akan digelar geladi resik di GBK. Dia menyebut perayaan tersebut akan digelar pada 14 Mei 2022 pukul 12.00-17.00 WIB.\r\n\"Hari Sabtu sudah ditetapkan di GBK, sore ini jam 19.00 malam saya dan Said Iqbal akan melakukan gladi resik dengan 65 ribu buruh. (Acara) dimulai jam 12 siang sampai jam 17.00 WIB di GBK,\" katanya.', 'Politik 3.jpeg');
INSERT INTO `berita` (`id_berita`, `id_kategori`, `judul_berita`, `penulis_berita`, `tgl_berita`, `isi_berita`, `gambar_berita`) VALUES
(46, 6, 'SKB 4 Menteri Terbaru: Aturan Lengkap Sekolah Tatap Muka 100 Persen', 'Muhamad Fajar', '2022-06-29', 'Menteri Pendidikan, Kebudayaan, Riset, dan Teknologi (Mendikbudristek), Menteri Agama (Menag), Menteri Kesehatan (Menkes), dan Menteri Dalam Negeri (Mendagri) melakukan penyesuaian keenam Keputusan Bersama (SKB Empat Menteri) tentang Panduan Penyelenggaraan Pembelajaran di Masa Pandemi Covid-19. \r\nPada penyesuaian keenam, Sekretaris Jenderal Kemendikbud Ristek, Suharti mengatakan bahwa penyelenggaraan PTM dilaksanakan berdasarkan level Pemberlakuan Pembatasan Kegiatan Masyarakat (PPKM) yang ditetapkan pemerintah pusat dan capaian vaksinasi pendidik dan tenaga kependidikan (PTK), serta warga masyarakat lansia. \r\nIa juga mengatakan bahwa penyesuaian aturan telah melalui pembahasan lintas sektor dengan mempertimbangkan hasil penilaian situasi pandemi Covid-19 terkini dengan melibatkan para pakar pendidikan dan epidemiolog. \"SKB Empat Menteri yang terbaru menjadi acuan untuk Pemerintah Daerah dalam pelaksanaan PTM. Pemerintah daerah tidak diperkenankan menambahkan pengaturan atau persyaratan lain,\" ujarnya dalam siaran pers, Rabu (13/4/2022).\r\n\r\nSekolah di wilayah PPKM level 1-3 PTM 100 persen setiap hari\r\nBagi satuan pendidikan yang berada pada PPKM Level 1 dan Level 2 dengan capaian vaksinasi PTK di atas 80 persen dan lanjut usia (lansia) di atas 60 persen, diwajibkan menyelenggarakan PTM 100 persen setiap hari dengan Jam Pembelajaran (JP) sesuai kurikulum. \r\nBagi yang capaian vaksinasi PTK di bawah 80 persen dan lansia di bawah 60 persen juga diwajibkan menyelenggarakan PTM 100 persen setiap hari dengan durasi pembelajaran paling sedikit 6 JP. \r\nKemudian, bagi satuan pendidikan yang berada di wilayah PPKM level 3 dengan capaian vaksinasi PTK di atas 80 persen dan lansia di atas 60 persen, diwajibkan menyelenggarakan PTM 100 persen setiap hari dengan JP sesuai kurikulum. \r\nSedangkan yang capaian vaksinasi PTK di bawah 80 persen dan lansia di bawah 60 persen, diwajibkan menyelenggarakan PTM 50 persen setiap hari secara bergantian dengan moda pembelajaran campuran maksimal 6 JP. \r\nUntuk satuan pendidikan pada wilayah PPKM level 4, dengan vaksinasi PTK di atas 80 persen dan lansia lebih dari 60 persen diwajibkan menyelenggarakan PTM 50 persen setiap hari secara bergantian dengan moda pembelajaran campuran maksimal 6 JP. \r\n\"Sementara yang vaksinasi PTK-nya di bawah 80 persen dan vaksinasi lansianya di bawah 60 persen masih diwajibkan untuk melaksanakan PJJ,\" kata Sesjen Kemendikbudristek. Lebih lanjut, satuan pendidikan yang berada pada daerah khusus berdasarkan kondisi geografis terpencil sesuai dengan Kepmendikbudristek Nomor 160/P/2021, juga dapat menyelenggarakan pembelajaran tatap muka secara penuh (100 persen) dengan kapasitas peserta didik seratus persen.\r\n\r\nKegiatan ekstrakulikuler bisa berjalan dan kantin sekolah dibuka\r\nBeberapa perubahan aktivitas dalam pembelajaran tatap muka di antaranya dapat kembali dilaksanakannya kegiatan ekstrakurikuler dan olahraga dengan ketentuan aktivitas dilakukan di luar ruangan/ruang terbuka. \r\nSelain itu, kantin kembali dibuka dengan kapasitas pengunjung maksimal 75 persen untuk PPKM Level 1, 2 dan 3 dan 50 persen bagi satuan pendidikan di PPKM level 4. Pengelolaan kantin dilaksanakan sesuai dengan kriteria kantin sehat dan tetap menerapkan protokol kesehatan yang ketat. \r\n\"Karena tidak semua anak bisa membawa bekal dari rumah, maka kita berikan izin agar kantin sekolah dapat kembali beroperasi dengan penerapan protokol kesehatan,\" kata Suharti. \"Untuk pedagang makanan di luar pagar wajib dikoordinasikan dengan Satgas Penanganan Cov-19 setempat dan diperbolehkan berdagang dengan menerapkan protokol kesehatan yang ketat sesuai dengan pengaturan PPKM. Pastikan anak-anak kita mengonsumsi makanan yang bergizi dan dimasak dengan baik,\" tambah Suharti.\r\n\r\nOrangtua berhak memilih\r\nOrang tua/wali peserta didik masih dapat memilih sehingga anaknya dapat mengikuti pembelajaran tatap muka atau pembelajaran jarak jauh sampai tahun ajaran 2021/2022 berakhir. \"Bagi orang tua/wali yang masih memilih pembelajaran jarak jauh perlu melampirkan surat keterangan kesehatan anaknya dari dokter,\" ujar Suharti. \r\nPemerintah pusat dan pemerintah daerah sesuai dengan kewenangannya wajib melakukan pengawasan dan evaluasi secara berkala terhadap pelaksanaan pembelajaran dan melakukan surveilans epidemiologis. Pelanggaran protokol kesehatan pada saat pembelajaran tatap muka berlangsung dapat diberikan sanksi oleh pemerintah pusat, pemerintah daerah, ataupun kantor wilayah Kementerian Agama provinsi/kabupaten/kota sesuai dengan kewenangannya. \"Apabila ditemukan kasus positif terkonfirmasi lebih dari 5 persen dan terjadi klaster penularan, maka PTM dapat dihentikan sementara sekurang-kurangnya 10x24 jam,\" jelas Suharti.\r\nNamun, apabila setelah dilakukan surveilans dan ditetapkan bukan merupakan klaster penularan dan angka terkonfirmasi positif di bawah 5 persen, maka PTM terbatas hanya dihentikan pada kelompok belajar yang terdapat kasus konfirmasi dan/atau kontak erat Covid-19 selama 5x24 jam. Selanjutnya, apabila hasil surveilans perilaku di satuan pendidikan di bawah 80 persen, maka perlu dilakukan asesmen ulang kesiapan daftar periksa dan penerapan protokol kesehatan, pungkas Sesjen Kemendikbudristek.', 'edukasi 7.jpeg'),
(47, 2, 'Ekonom: Larangan Ekspor CPO Tidak Efektif Kendalikan Harga Minyak Goreng', 'Muhamad Fajar', '2022-06-29', 'Direktur Center of Economic and Law Studies (Celios) Bhima Yudhistira mengingatkan pemerintah untuk mencabut larangan ekspor minyak sawit mentah (CPO) karena lebih banyak membawa dampak negatif, ketimbang menjadi strategi pengendali harga minyak goreng.  \r\n“Kelebihan pasokan minyak sawit yang selama ini terserap di pasar ekspor tidak mungkin bisa diserap di pasar domestik. Segera cabut larangan tersebut, bila perlu pekan ini,” kata Bhima dalam diskusi mengenai ekspor CPO, Selasa(26/4). \r\nMenurut Bhima, larangan ekspor CPO dan minyak goreng membawa dampak negatif berganda, bukan saja kepada pelaku usaha kelapa sawit tetapi juga kepada 3 juta petani kelapa sawit di Indonesia.  \r\n“Salah satu dampak nyata dari kebijakan larangan ekspor tersebut adalah penurunan harga TBS (tandan buah segar) petani kelapa sawit. Bahkan, sejumlah pabrik kelapa sawit dalam waktu dekat akan sulit menerima TBS dari petani karena tangki-tangki penyimpanan CPO yang mulai penuh,” jelasnya.  \r\nDi lapangan, penurunan harga TBS kelapa sawit terjadi di hampir seluruh wilayah pasca pelarangan ekspor CPO dan produk turunannya dua pekan lalu. Di Sumatera Selatan, harga TBS petani turun sekitar Rp500 per kilogram.  \r\nDi Riau, penurunan harga TBS mencapai Rp 1.000 per kilogram menjadi sekitar Rp2.900 per kilogram.  Penurunan harga TBS juga terjadi di wilayah sentra perkebunan kelapa sawit lainnya seperti Jambi, Kalimantan, dan Sulawesi. \r\n“Kebijakan larangan ekspor ini tidak efektif menjamin stabilitas harga minyak goreng karena masalah minyak goreng sebetulnya adalah persoalan distribusi bukan bahan baku,” kata Bhima. \r\nSelain itu, kata Bhima, kinerja makro ekonomi Indonesia terancam karena penurunan devisa ekspor sehingga bisa menjadi faktor yang menekan nilai tukar rupiah terhadap dolar AS.  Tahun 2021, sumbangan devisa ekspor minyak sawit mencapai 35 miliar dolar AS atau lebih dari Rp500 triliun.  \r\nSelain dari devisa ekspor, ekspor minyak sawit juga memberikan sumbangan bagi kas negara dalam bentuk pajak ekspor (bea keluar) dan pendapatan dari pungutan ekspor.  \r\n“Dengan harga CPO di pasar internasional yang sangat tinggi sementara di pasar domestik rendah akibat kelebihan pasokan, akan memicunya terjadinya penyelundupan. Ini akan membuat dinamika industri minyak sawit nasional semakin rumit dan runyam,” kata Bhima. \r\nDalam kesempatan yang sama, Petro Paganini, pakar komoditas dari John Cabot University Roma Italia, mengatakan di tengah kelangkaan minyak nabati global akibat perang Rusia dan Ukraina, dunia tidak punya pilihan lain kecuali mencari minyak sawit yang memang melimpah sumbernya.  \r\n“Tidak bisa dielakkan dunia membutuhkan minyak sawit. Pilihan paling memungkinkan mengembangkan minyak sawit karena tanaman ini lebih produktif dibandingkan tanaman minyak nabati lainnya,” kata Pietro.', 'Bisnis 5.jpg'),
(48, 2, 'Menilik Peluang Kopi Kenangan di Bisnis Ayam Goreng', 'Muhamad Fajar', '2022-06-29', 'Industri makanan ayam goreng cepat saji tampak semakin gurih. Beberapa pemain baru pun bermunculan, salah satunya adalah Kopi Kenangan. \r\nPR Manager Kopi Kenangan Ruth Davina menyampaikan, Kopi Kenangan telah meluncurkan brand ayam goreng bernama “Chigo” sejak tahun 2021. \r\nChigo menjadi langkah lanjutan Kopi Kenangan dalam memperluas jangkauannya di industri makanan. Chigo pertama kali hadir pada 25 Februari 2021 lalu di Mal Grand Indonesia. Menu makanan ini sekarang juga bisa dipesan melalui Grabfood dan Gofood. \r\nMengutip penjelasan di situs resmi Kopi Kenangan, Chigo memiliki dua makna, yaitu ‘Chicken on the Go’ dan juga Chi yang berarti ‘tujuh’ dan Go yang berarti ‘lima’ dalam Bahasa Hokkien. Ini melambangkan 7 variasi saus dan 5 variasi sambal yang ditawarkan sebagai pendamping ayam goreng Chigo. \r\nChigo diprakarsai oleh para pendiri Kopi Kenangan yang juga terinspirasi oleh beberapa fenomena kombinasi makanan dan minuman yang tidak biasa, namun menjadi favorit para foodies, seperti halnya kentang goreng dengan es krim atau mi instan dengan susu. Fenomena ini mendorong Kopi Kenangan untuk meluncurkan kombinasi unik dari menu-menu minuman di Kopi Kenangan dan ayam goreng. \r\nLebih lanjut, Kopi Kenangan dipastikan akan terus melakukan ekspansi penambahan outlet baru di tiap tahun. “Kami mampu menutup tahun 2021 dengan memiliki 566 outlet dan hingga bulan Mei 2022 kami telah memiliki 711 outlet,” ujar Ruth, Sabtu (23/4). \r\nKopi Kenangan pun menargetkan mampu menambah 100 outlet baru per kuartal. Sebagai bukti pemenuhan target tersebut, pada 18-24 April 2022 Kopi Kenangan resmi membuka 26 outlet baru. Alhasil, Kopi Kenangan sukses memecahkan rekor MURI dengan membuka 26 outlet dalam satu minggu.  \r\nOutlet-outlet baru tersebut tersebar diberbagai kota, seperti Jakarta, Depok, Tangerang, Bekasi, Bandung, Cirebon, Pasuruan, Sidoarjo, Surabaya, Bali, Pematang Siantar, Banjar Baru, Balikpapan, dan Purwakarta.', 'Makanan 6.png'),
(49, 4, 'Makanan Korea Berpotensi Tak Halal, Waspadai Kandungan Gochujang', 'Muhamad Fajar', '2022-06-29', 'Makanan Korea kini semakin disukai orang Indonesia, namun muslim perlu mencermati konsumsinya. Ada potensi makanan Korea tak halal dari penggunaan bumbu khasnya yang bernama gochujang.\r\nMasyarakat Indonesia kini begitu akrab dengan cita rasa lezat makanan Korea. Tak sedikit dari mereka yang selalu kangen menyantap makanan khas negeri ginseng ini.\r\n\r\nMulai dari bibimbap, tteokbokki, hingga Korean fried chicken begitu digemari. Seluruh makanan Korea ini dibuat dari bumbu khas yaitu gochujang, pasta cabe yang terbuat dari beras ketan, bubuk cabai, dan kedelai yang difermentasi.\r\n\r\nMengenai kehalalannya, gochujang patut dikritisi sebab ada hal-hal yang memungkinkannya jadi haram meski proses fermentasinya alami. Kreator konten Dian Widayanti yang fokus membahas informasi halal mengatakan kadar alkohol dalam gochujang mungkin mencapai 2% sehingga tergolong haram.\r\n\r\n\"Kadar alkohol yang diperbolehkan oleh MUI adalah maksimum 0,5% untuk makanan (dengan catatan alkohol ini bukan berasal dari khamr. Jika khamr walau sedikitpun kadarnya tetap haram). Melalui uji lab, pemilik resto korea bersertifikat halal MUI (mbak @vebrina_w jazakillah khoyr), pernah mencoba menghitung kadar alkohol dalam gochujang dan mencapai 2% sehingga tidak diperbolehkan,\" kata Dian memberi informasi lewat Instagram, dianwidayanti (15/1/2020).\r\nSelain itu, Dian juga menyoroti kalau gochujang mungkin mengandung alkohol. Alkohol yang ia maksud bukan yang berasal dari proses fermentasi, melainkan dari alkohol yang benar-benar ditambahkan.\r\n\r\nAlkohol itu bernama jujeong yang punya fungsi menghentikan fermentasi. \"Kenapa? Karena Gochujang jika melewati perjalanan jauh (menggunakan kapal atau pesawat) punya risiko meledak. Sehingga fermentasi harus dihentikan. Mbak @vebrina_w pernah coba sendiri untuk kirim Gochujang tanpa jujeong dari Korea ke Indonesia, dan benar meledak,\" kata Dian.\r\n\r\nIa lantas merekomendasikan agar muslim selalu mengecek status halal gochujang yang dipakai untuk masak. Pastikan sudah mendapat sertifikat halal dari Majelis Ulama Indonesia (MUI). Saat ini sudah ada banyak produk gochujang Korea yang bersertifikat halal itu.\r\n\r\nPastikan juga mengecek status kehalalan restoran Korea yang kamu sambangi. Pilih yang sudah mendapat sertifikat halal sehingga muslim bisa mengonsumsi menu-menunya dengan tenang.\r\n\r\nSementara itu, Direktur Eksekutif LPPOM MUI Ir. Muti Arintawati pernah menjelaskan pada detikcom (17/9/2021) soal kehalalan gochujang. Ia menyebut gochujang tidak masuk kategori haram meski dalam proses fermentasinya menghasilkan alkohol.\r\nHal ini seperti yang ditemukan pada kecap dan tape singkong. \"Seperti kecap itu juga fermentasi ada etanolnya juga terdeteksi, tapi singkong juga ada alkoholnya tapi tidak berarti kemudian di haram. Yang haram itu hasil fermentasi menghasilkan minuman,\" tegas Muti.\r\nTapi berbeda halnya jika dalam proses pembuatan gochujang, memang benar-benar ada penambahan bahan haram. \"Kecuali dalam prosesnya setelah fermentasi ada campuran minuman keras seperti soju misalnya. Nah, kalau ada itu untuk menambahkan rasa atau menghentikan fermentasinya itu gak boleh,\" kata Muti.', 'Makanan 7.jpg'),
(50, 4, 'Tahu Gimbal Semarang, Makanan Era Kolonial yang Masih Eksis', 'Muhamad Fajar', '2022-06-29', 'Tahu gimbal adalah olahan kuliner tahu khas Kota Semarang, Jawa Tengah. Selain tahu, makanan ini terdiri dari udang goreng tepung, kol dan bawang goreng yang memberikan penampilan ‘gimbal.’ Makanan ini kemudian disiram dengan saus kacang yang diberi campuran petis.\r\nTahu gimbal adalah makanan yang sudah ada sejak abad ke-19, tepatnya saat Semarang dijajah Belanda. Awalnya, tahu yang digunakan adalah jenis tahu ‘pong’ yang kosong. Kata ‘pong’ adalah singkatan dari kata dalam Bahasa Jawa, yaitu ‘kopong’ yang berarti kosong.\r\nKarakteristik tahu ini akan mengembang saat digoreng hingga matang, namun menciut saat dibiarkan agak lama. Secara penampilan, tahu gimbal hampir mirip dengan sajian Ketoprak Jakarta. Hanya saja di sajian Tahu Gimbal ini menggunakan udang dan kol, sedangkan Ketoprak Jakarta menggunakan bihun, kecambah, dan telur.\r\nNamun seiring berkembangnya variasi makanan tradisional, penggunaan tahu pong pada sajian tahu gimbal sudah digantikan dengan tahu yang lebih padat. Hingga saat ini,  tahu gimbal masih diminati oleh masyarakat di Kota Semarang. Rasanya gurih dan manis dari sambal kacang serta sensasi renyah dari udang dan tahu goreng membuat makanan ini tidak usang dimakan waktu.\r\nHal ini terlihat dengan banyaknya penjual tahu gimbal di Ibu Kota Provinsi Jawa Tengah tersebut. Salah satu warung penjual  tahu gimbal yang legendaris adalah Warung Tahu Gimbal Lumayan Pak Man. Warung ini juga dikenal dengan Warung Tahu Gimbal Plampitan dan sudah berdiri sejak 1950an.\r\nNama ‘Plampitan’ diberikan karena lokasi warung tersebut berada di Jalan Plampitan dan tidak jauh dari Hotel Plampitan. Lokasinya juga terbilang sangat strategis karena berada di pusat kota. Meskipun warungnya kecil dan hanya menampung 10 orang saja, warung tahu gimbal ini sudah menjadi favorit warga untuk menyantap tahu gimbal.\r\nSetiap hari, warung ini buka dari jam 11.00 WIB dan tutup jika sudah habis, Untuk satu porsi tahu gimbal yang mengeyangkan dibanderol seharga Rp22.000 jika tanpa telur dan Rp30.000 untuk paket tahu gimbal dan menggunakan telur.', 'Makanan 2.jpg'),
(51, 5, 'Sudah Tahukah Anda Arti Pada Label Obat?', 'Muhamad Fajar', '2022-06-29', 'Kita mungkin sering mengonsumsi atau menggunakan obat ketika kita sakit. Namun, tidak banyak orang yang mengerti arti dan maksud dalam kemasan atau catatan penggunaan dari dokter ataupun petugas farmasi. Ternyata terdapat perbedaan arti dan cara penggunaan dari tiap-tiap catatan tersebut.\r\nEtiket obat adalah label atau penanda obat yang diberikan oleh fasilitas kesehatan baik praktik dokter, klinik, puskesmas, atau pun rumah sakit yang biasanya ditempel di depan kemasan obat atau alat kesehatan yang berguna untuk memberikan informasi penggunaan obat atau alat kesehatan tertentu pada penggunanya.\r\nBerdasarkan aturan yang berlaku, warna kertas yang digunakan sebagai etiket obat telah ditentukan.\r\nEtiket Putih. Adalah etiket yang digunakan untuk obat dalam atau obat yang dikonsumsi melalui saluran pencernaan atau secara oral. Jenis obat yang menggunakan etiket putih diantaranya bentuk tablet, kapsul, puyer, sirup, sirup tetes (drop), ataupun suspensi.\r\nEtiket Biru. Adalah etiket yang digunakan untuk obat luar ataupun obat suntik. Jenis obat yang menggunakan etiket putih diantaranya bentuk salep, krim, gel, bedak, obat suntik, tetes mata, dan tetes telinga. ', 'obat8.jpg'),
(52, 5, 'Stress 101', 'Muhamad Fajar', '2022-06-29', 'Apa itu stres?\r\nStres hal yang sering dialami oleh individu di dalam kehidupan sehari-hari, dapat dikatakan stres merupakan bagian dari kehidupan seseorang. Menurut American Psychological Association, stres merupakan respons fisiologis atau psikologis terhadap tekanan yang bersumber dari dalam diri atau pun luar diri. Stres dapat memengaruhi perasaan, tindakan, dan fisik tubuh.\r\nStres terdapat dua jenis yaitu eustress dan distress. Eustress adalah stres yang dapat membawa dampak positif untuk diri karena stres ini membuat kita berenergi, termotivasi, serta meningkatkan performa diri. Sedangkan distress adalah stres yang membawa dampak negatif untuk diri, seperti menimbulkan kecemasan, merasa tidak nyaman, menurunkan performa diri, hingga menimbulkan keluhan-keluhan fisik dan psikis.\r\nApa Sumber Stres?\r\nTerdapat beberapa sumber stres yang sering dialami :\r\n• Frustasi\r\nSebuah kondisi atau situasi seseorang terhambat untuk mencampai keinginan atau tujuan hidupnya.\r\n• Konflik\r\nSebuah kondisi atau situasi seseorang ketika dihadapkan dengan dua atau lebih kebutuhan dan kebutuhan tersebut memiliki kekuatan yang sama. Dalam kondisi seperti itu, sebaiknya individu membuat suatu keputusan berupa pilihan yang akan dilakukannya dan mana yang tidak. Jika pilihan sudah dijatuhkan, konflik akan selesai.\r\n• Tekanan\r\nStres juga datang dari tekanan-tekanan untuk mencapai tujuan tertentu. Secara umum, dapat dikatakan bahwa tekanan ketika seseorang terpaksa atau dipaksa untuk melakukan hak-hal yang tidak ingin ia lakukan atau dipaksa untuk tidak melakukan hal-hal yang diinginkannya.\r\nMengatasi Stres\r\n• Cobalah untuk menghilangkan sumber stres\r\nTidak selalu mungkin untuk melarikan diri dari situasi stres atau menghindari masalah, tetapi seseorang dapat mencoba mengurangi stres yang dirasakan. Evaluasi apakah situasi stres dapat diubah dengan mengubah standar diri, membagi tanggung jawab, atau pun meminta bantuan.\r\n• Perbanyaklah dukungan sosial\r\nDukungan yang kuat dapat meningkatkan ketahanan terhadap stres. Cobalah untuk kembali membangun hubungan dengan orang-orang di lingkungan dengan sehat. Serta cobalah memberikan dukungan kepada orang-orang di lingkungannya untuk meningkatkan emosi positif untuk diri.\r\n• Rileks otot\r\nStres menyebabkan otot tegang, serta dapat menyebabkan sakit kepala, sakit punggung, dan kelelahan umum. Atasi gejala-gejala ini dengan peregangan, pijatan, atau mandi air hangat. Selain itu bisa melakukan relaksasi otot progresif.\r\n• Meditasi\r\nSejumlah penelitian mengungkapkan bahwa meditasi dapat mengurangi stres. Untuk memulai, sisihkan waktu 5-10 menit di tempat yang tenang dan mulai latihan relaksasi pernafasan.\r\n• Waktu tidur yang cukup\r\nKehilangan waktu tidur akan berdampak kepada kognisi dan suasana hati. Buatlah rutinitas tidur yang lebih baik dan konsisten. Sebelum tidur, bisa melakukan meditasi atau relaksasi, hindari kafein pada sore dan malam hari, hindari penggunaan gawai sebelum waktu tidur, dan gerakan tubuh pada siang hari.\r\n• Gerakan Tubuh\r\nMelakukan aktivitas fisik dapat menghilangkan efek negatif dari stres. Lakukan aktivitas fisik yang mudah, misalnya jalan selama 30 menit.\r\n• Luangkan waktu sejenak di alam\r\nLuangkan waktu untuk memperhatikan alam sekitar dengan pancaindra yang kita miliki atau bahkan menonton video tentang keindahan alam.\r\n• Lakukan aktivitas yang menyenangkan\r\nCarilah waktu untuk melakukan sesuatu untuk diri sendiri dan menyenangkan, misalnya seperti melakukan hobi, bernyanyi, mendengarkan musik, membaca, atau menonton film favorit.\r\n• Mengkaji ulang pikiran Anda\r\nPikiran yang dimiliki akan memengaruhi perasaan dan tindakan yang dilakukan. Belajarkan untuk mengkaji ulang pikiran yang dimiliki terutama pemikiran negatif karena itu akan mengurangi perasaan stres yang dimiliki. Bila terlalu banyak pikiran negatif yang dimiliki, berhenti sejenak dan alihkan pikiran tersebut. Tetapkan tujuan yang realistis untuk diri sendiri serta berusaha menerima situasi yang berada di luar kendali.\r\n• Carilah bantuan\r\nJika merasa tidak mampu untuk mengatasi stres, carilah bantuan kepada yang professional. Mereka akan membantu untuk mengidentifikasi situasi atau perilaku stres, serta berdiskusi untuk mengembangkan rencana tindakan untuk mengubah penyebab stres, mengubah lingkungan, dan mengubah respons.', 'Kesehatan 8.jpg'),
(53, 5, 'Kapan Seseorang Dinyatakan Sebagai Kontak Erat Kasus Covid-19?', 'Muhamad Fajar', '2022-06-29', 'Pandemi Covid-19 telah mengubah berbagai aspek kehidupan sosial masyarakat. Termasuk cara kerja, cara belajar dan bersekolah, serta cara bersosialisasi atau berinteraksi satu sama lain. Dengan ditetapkan beberapa aturan pemerintah yang memperbolehkan beberapa kegiatan usaha, perkantoran, sekolah serta kegiatan pertemuan lainnya, hal ini membuat kita kembali berisiko untuk bersinggungan dengan kasus Covid-19.\r\nMungkin beberapa orang sering memiliki pengalaman menjadi kontak erat beberapa kasus konfirmasi Covid-19. Tanpa kita ketahui atau pun sadari, pertemuan yang kita hadiri kadang-kadang menyebabkan kita menjadi kontak erat. Oleh karena itu, kita harus memahami definisi dari kasus kontak erat Covid-19.\r\nKontak erat adalah orang yang memiliki riwayat kontak dengan kasus probable atau kasus terkonfirmasi Covid-19, dan memenuhi salah satu kriteria berikut:\r\na. Kontak tatap muka atau berdekatan dengan kasus konfirmasi dalam radius 1 meter selama 15 menit atau lebih;\r\nb. Sentuhan fisik langsung dengan pasien kasus konfirmasi seperti bersalaman, berpegangan tangan, berpelukan, dan lain-lain;\r\nc. Orang yang memberikan perawatan langsung terhadap kasus konfirmasi tanpa menggunakan alat pelindung diri (APD) yang sesuai standar;\r\nd. Situasi lainnya yang mengindikasikan adanya kontak berdasarkan penilaian risiko lokal yang ditetapkan oleh tim penyelidik epidemiologi setempat. Hal inilah yang mendorong dibentuknya tim satuan tugas atau tim penanganan Covid-19 di setiap level wilayah atau setiap level institusi karena tim ini yang dapat memberikan pertimbangan atau penilaian terhadap setiap adanya kasus konfirmasi Covid-19.\r\nTim satuan tugas atau tim penanganan Covid-19 dapat menentukan siapa sajakah yang menjadi kasus kontak erat berdasarkan kriteria diatas dan memenuhi kriteria waktu sebagai berikut:\r\na. Periode kontak pada kasus probable atau kasus konfirmasi yang bergejala dihitung sejak 2 hari sebelum munculnya gejala sampai dengan 14 hari setelah munculnya gejala atau hingga kasus melakukan isolasi;\r\nb. Periode kontak pada kasus konfirmasi yang tidak bergejala dihitung 2 hari sejak sebelum pengambilan sampel swab dengan hasil positif sampai dengan 14 hari setelah swab (atau hingga kasus tersebut melakukan isolasi).\r\n', 'Kesehatan 8.jpg'),
(54, 6, 'Upacara Hardiknas 2022, Mendikbud Nadiem Kenakan Baju Adat Flores', 'Muhamad Fajar', '2022-05-14', 'Kementerian Pendidikan, Kebudayaan, Riset, dan Teknologi (Kemendikbud Ristek) menyelenggarakan upacara peringatan Hari Pendidikan Nasional (Hardiknas) tahun 2022 hari ini, Jumat (13/5/2022). \r\nMenteri Pendidikan, Kebudayaan, Riset, dan Teknologi (Mendikbudristek) Nadiem Anwar Makarim hadir sebagai pemimpin upacara Hardiknas yang sempat ditunda menyesuaikan hari libur dan cuti bersama Idul Fitri. Setiap tahun, Hari Pendidikan Nasional diperingati setiap tanggal 2 Mei. Bertindak sebagai Pembina Upacara, Mendikbud Ristek Nadiem mengenakan pakaian adat dari Flores, Nusa Tenggara Timur, dengan corak bernuansa emas dan biru. Upacara Hardiknas tahun ini diikuti oleh 252 peserta secara luring dengan mengenakan pakaian adat dan menerapkan protokol kesehatan yang ketat. \r\nUpacara Hardiknas tahun ini juga menghadirkan beberapa kekayaan Indonesia seperti budaya tenun, minuman dari rempah yang biasa dikenal dengan nama jamu, tempe yang telah dibudayakan masyarakat Jawa sejak abad ke-16 Masehi hingga pertunjukan seni Reog Ponorogo dari Paguyuban Reog Ponorogo Jabodetabek.\r\n', 'edukasi 2.jpg'),
(55, 1, 'Fahri Jelaskan Menteri Pedagang Pencari Cuan: Erick Thohir', 'Muhamad Fajar', '2022-04-14', 'Jakarta, NEWS -- Wakil Ketua Umum Partai Gelora Fahri Hamzah menyinggung menteri \'pedagang\' pencari cuan. Fahri mengatakan menteri \'pedagang\' itu berasal dari kalangan pengusaha.\r\n\"Iya mereka para pengusaha yang dapat kepercayaan jadi pejabat tinggi,\" ujar Fahri saat dihubungi, Kamis (12/5/2022).\r\nFahri mengatakan para menteri \'pedagang\' ini terbilang muda dan baru dalam dunia politik. Dia menilai para menteri pedagang ini sebaiknya fokus menjalankan tugas dan tidak mencampuri dengan urusan berdagang untuk biaya kampanye.\r\n\"Pada dasarnya mereka masih muda dan orang baru dalam politik, belum punya pengetahuan yang matang tentang politik dan Indonesia. Mereka baru belajar mengerti persoalan nasional, maka fokus aja dulu jalankan amanah presiden untuk jadi menteri, nggak usah dicampur-campur dengan pengen mencari popularitas tambahan apalagi sambil berdagang cari uang untuk biaya kampanye,\" kata Fahri.\r\nMenurut Fahri akan bahaya jika tugas atau wewenang yang diberikan disalahgunakan. Oleh karena itulah Fahri menyebut dirinya meminta agar dapat berhentikan.\r\n\"Ini bahaya sekali kalau apa yang menjadi tugas inti disalahgunakan untuk kepentingan jangka pendek ini yang saya minta dihentikan,\" tuturnya.\r\nDari beberapa menteri yang berlatar belakang pengusaha, Fahri menyinggung Menteri BUMN Erick Thohir. Fahri menilai Erick Thohir memiliki kekuatan yang paling besar karena mengontrol BUMN.\r\n\"Di antara semua yang mendapat kepercayaan memang yang powernya paling besar adalah Erick karena mengontrol BUMN yang strukturnya lebih kuat dari struktur pemerintah pusat,\" tutur Fahri.\r\nDiketahui sebelumnya Fahri Hamzah meminta Presiden Joko Widodo (Jokowi) memecat menteri yang menunjukkan gelagat ingin mengikuti kontestasi Pilpres 2024 dengan memulai kampanye. Fahri menyinggung menteri tersebut sebagai \'pedagang\' pencari cuan.\r\nFahri meminta menteri yang menggunakan jabatan demi kepentingan pribadi untuk mundur. Dia mengaku miris dengan menteri yang mencari cuan dan popularitas padahal kabinet tengah babak belur karena diterpa pandemi.\r\n\"Secara umum, semua menteri yang punya konflik kepentingan baik pribadi maupun jabatan sebaiknya mengundurkan diri. Kabinet ini babak belur padahal masih 2,5 tahun. Saat Krisis menghadang tapi menteri pada cari \'cuan\' dan popularitas. Akhirnya presiden menanggung beban sendiri!,\" kata Fahri dalam keterangannya, Kamis (12/5/2022).\r\nFahri juga mengingatkan kembali komitmen Presiden Jokowi yang menentang adanya sistem rangkap jabatan dalam semua lini pemerintahan. Fahri menilai komitmen itu sulit terwujud kalau yang berkembang justru budaya tidak tahu diri di tiap anggota kabinet.\r\nFahri lantas menyentil menteri yang berasal dari profesional, yang disebutnya sebagai pedagang menengah. Menurut Fahri, seharusnya menteri tersebut berterima kasih kepada Jokowi dan fokus membantu presiden. Namun, kata Fahri, menteri yang dimaksudnya malah \'aji mumpung\' mencari popularitas demi ingin berkuasa.\r\nAkhirnya, kata Fahri, kepercayaan yang begitu besar dari Presiden dan kekuasaan yang begitu luas justru dipakai untuk membangun popularitas dan tentunya menambah pundi-pundi dengan alasan biaya politik. Bahkan, menurut Fahri, menteri yang dimaksudnya itu merasa bangga dengan semuanya padahal tidak becus bekerja.\r\n', 'politik 2.jpeg\r\n'),
(56, 1, ' Golkar-PAN-PPP Koalisi Pemilu 2024, Suharso: Lebih Awal-Lebih Cantik', 'Muhamad Fajar', '2022-05-14', ' Jakarta - Pertemuan antara tiga ketua umum (ketum) partai politik Airlangga Hartarto dari Golkar, menghasilkan koalisi bertiga Zulkifli Hasan (Zulhas) dari PAN, serta Suharso Monoarfa dari PPP, bersatu. Koalisi itu dinilai menjadi langkah awal untuk bekerja sama dalam Pemilu 2024.\r\n\"Kita ingin menunjukkan atau mendemonstrasikan sebuah kerja sama yang jauh lebih awal dan lebih cantik itu antarsesama partai politik untuk saling mengisi dan untuk saling memperkuat,\" ujar Suharso kepada wartawan, Kamis (12/5/2022).\r\nDia berharap terbentuknya koalisi itu dapat mencegah adanya politik identitas di masyarakat saat Pemilu 2024. Di samping itu, Suharso ingin menunjukkan Indonesia dapat menampilkan ajang Pemilu yang sehat.\r\n\"Supaya tidak terulang lagi dalam pemilu-pemilu yang akan datang karena sebagai bangsa yang besar kita harus menunjukkan kepada dunia bahwa kita juga bisa dengan sukacita melaksanakan pemilu dengan baik,\" kata Kepala Bappenas itu.\r\nSuharso mengatakan Golkar-PAN-PPP saat ini sama-sama berada di koalisi pemerintahan Jokowi-Maruf Amin. Dia ingin koalisi Golkar-PAN-PPP bisa melanjutkan pembangunan pada tahun 2024.\r\n\"Kami memang adalah koalisi dari pemerintahan saat ini, tentu kami ingin memastikan seluruh perjalanan pertanggungjawaban yang harus diemban pemerintah masa kita harus selesai dengan tuntas dan dengan baik melahirkan legasi-legasi bagi rakyat dan bangsa sampai dengan masa jabatan 2024 ini. Dan tentu banyak hal yang baik dan bagus yang patut untuk dilanjutkn di masa yang akan datang,\" katanya.\r\n\"Jadi kami bertiga juga ingin memastikan keberlanjutan pembangunan itu untuk kepentingan seluruh rakyat dan seluruh bangsa dan negara,\" jelasnya.\r\nSementara itu, Zulhas berpandangan koalisi itu dapat menampung dan merumuskan gagasan untuk mewujudkan masyarakat yang berdaulat. Zulhas menilai koalisi bertiga bersatu dapat memantik partai politik lainnya untuk saling bekerja sama.\r\n\"Untuk merumuskan gagasan-gagasan agar Indonesia sebagai mana dicita-citakan menjadi negara yang bersatu, yang bersatu kita berdaulat. Yang berdaulat itu kita bisa menjadi negara maju,\" katanya.\r\n\"Itulah gagasan yang kita bangun Golkar PPP dan PAN mudah-mudahan ini jadi awal bagi nanti teman-teman lain,\" sambungnya.\r\n', 'Politik 6.jpeg'),
(57, 6, 'Maknai Hardiknas, Siswa dan Mahasiswa Antusias Jalani Merdeka Belajar', 'Muhamad Fajar', '2022-05-11', 'Momentum perayaan Hari Pendidikan Nasional (Hardiknas) disambut antusias oleh insan pendidikan di berbagai wilayah tanah air. \r\nPenyelenggaraan upacara bendera untuk memperingati Hardiknas yang berlangsung secara daring dan luring terbatas, juga mendapat respons positif dari para pemuda yang berpartisipasi dalam upacara Hardiknas di Kantor Kementerian Pendidikan, Kebudayaan, Riset, dan Teknologi (Kemendikbud Ristek). \r\nBicara tentang makna tema peringatan Hardiknas \"Pimpin Pemulihan, Bergerak untuk Merdeka Belajar\", beberapa siswa dan mahasiswa mengungkapkan pendapatnya. \r\nSiswa SMKN 2 Cibinong Jehosua Willhelmus Ebenhaezer Abolla berpendapat Hardiknas bukan hanya sekadar perayaan tahunan yang melibatkan seluruh ekosistem pendidikan, melainkan juga momentum untuk bersyukur atas kemajuan yang terjadi di dunia pendidikan dan kebudayaan. \r\nDia mengatakan, dengan berbagai sarana dan prasarana yang tersedia saat ini, tidak ada alasan bagi generasi muda untuk bermalas-malasan dalam menuntut ilmu. \r\n\"Bisa merasakan dunia pendidikan menjadi hal yang luar biasa. Sebelumnya, sangat sulit merasakan layanan pendidikan. Saat ini, melalui Merdeka Belajar kita memiliki kemudahan mengakses pendidikan baik secara konvensional maupun dengan memanfaatkan teknologi (internet). Sekarang kita harus lebih rajin lagi belajar karena sarana pendidikan sudah banyak,\" ucap dia dalam keterangan resminya, Jumat (13/5/2022). \r\nAnggota Paskibra Kota Bandung, Naufal Daffa mengakui sistem pendidikan Indonesia terus berkembang semakin baik. Dia merasakan proses belajar yang lebih menyenangkan. Merdeka Belajar yang diterapkan di SMK, kata dia, sangat berpengaruh terhadap kemajuan pendidikan. \"Semangat terus untuk para generasi muda dalam membangun pendidikan, mari kita hargai dan dukung (proses) pendidikan kita agar pendidikan kita lebih bermanfaat untuk diri sendiri dan bangsa Indonesia, wujudkan Merdeka Belajar,\" ucap Daffa.\r\nSiswa Kelas 2 dari SMAN 70 Jakarta, Muhammad Fadhil menilai peringatan Hardiknas, sebagai sebuah momentum yang bagus untuk berefleksi dan membenahi kebijakan pendidikan agar semakin baik di masa depan, tak terkecuali Merdeka Belajar. \r\n\"Merdeka Belajar membuat siswa-siswa menjadi lebih termotivasi dalam pembelajaran. Sistem pendidikan yang semakin baik akan sangat berguna bagi kemajuan bangsa,\" ucap dia. Siswa Kelas 2 SMPN 115 Jakarta, Andi Salman Najafy menyebut, kebijakan Merdeka Belajar menjadikan peserta didik sebagai insan yang cerdas, berkarakter, berakhlak mulia, dan berprestasi. \"Saya harap, pendidikan di Indonesia semakin maju, siswanya semakin cerdas dan tenaga pendidik semakin kreatif,\" jelas dia.\r\n', 'edukasi 3.png'),
(58, 6, 'Hardiknas 2022, Mendikbud Ristek: Kita Telah Bangkit dan Tangguh', 'Muhamad Fajar', '2022-05-12', 'Kementerian Pendidikan, Kebudayaan, Riset, dan Teknologi (Kemendikbud Ristek) menyelenggarakan upacara bendera dalam rangka memperingati Hari Pendidikan Nasional (Hardiknas) 2022 secara hibrida di halaman Kemendikbud Ristek, pada Jumat (13/5/2022).\r\n Kali ini, upacara dilaksanakan pada 13 Mei 2022 menyesuaikan hari libur dan cuti bersama Idul Fitri 1443 H. Bertindak sebagai Pembina Upacara, Menteri Pendidikan, Kebudayaan, Riset, dan Teknologi (Mendikbud Ristek) Nadiem Makarim yang mengenakan pakaian adat dari Flores, Nusa Tenggara Timur. Menteri Nadiem menjelaskan tema peringatan Hardiknas, yakni \"Pimpin Pemulihan, Bergerak untuk Merdeka Belajar\". \r\n\"Hari ini adalah bukti, kita jauh lebih tangguh dari semua tantangan. Kita tidak hanya mampu melewati, tetapi berdiri di garis depan untuk memimpin pemulihan dan kebangkitan,\" ucap Mendikbud Ristek dalam siaran persnya. Di tengah hantaman ombak yang sangat besar, sebut dia, Indonesia terus melautkan kapal besar bernama Merdeka Belajar, yang di tahun ketiga ini telah mengarungi pulau-pulau di seluruh Indonesia. Hingga tahun ketiga pandemi Covid-19, Kemendikbud Ristek terus melakukan berbagai terobosan dalam Merdeka Belajar yang menghasilkan perubahan positif. \r\nCapaian tersebut tidak hanya dirasakan oleh para orangtua, guru, dan murid di Indonesia, tetapi sudah digaungkan sampai ke negara-negara lain melalui presidensi Indonesia di konferensi tingkat tinggi G20. \r\n\"Tahun ini kita membuktikan bahwa kita tidak lagi hanya menjadi pengikut, tetapi pemimpin dari gerakan pemulihan dunia,\" terang Mendikbud Ristek. Pada masa Pandemi Covid-19, Kemendikbud Ristek menghadirkan kurikulum merdeka untuk membantu guru dan murid dalam proses belajar mengajar. Upaya tersebut mampu mengurangi dampak hilangnya pembelajaran.\r\nKini, kurikulum merdeka akan diterapkan di lebih dari 140.000 satuan pendidikan di seluruh Indonesia. \"ltu berarti bahwa ratusan ribu anak Indonesia akan belajar dengan cara yang jauh lebih menyenangkan dan memerdekakan,\" jelas dia. \r\n\"Anak-anak kita tidak perlu lagi khawatir dengan tes kelulusan karena asesmen nasional yang sekarang kita gunakan tidak bertujuan untuk \"menghukum\" guru atau murid, tetapi sebagai refleksi agar guru terus terdorong untuk belajar. Supaya kepala sekolah termotivasi untuk meningkatkan kualitas sekolahnya menjadi lebih inklusif dan bebas dari ancaman tiga dosa besar pendidikan,\" tambah Nadiem. \r\nSemangat yang sama, lanjut dia, juga hadir dari para seniman dan pelaku budaya, yang mulai bangkit lagi, berkarya lagi dengan lebih merdeka. \"Itu semua berkat kegigihan kita untuk melahirkan terobosan dana abadi kebudayaan dan kanal budaya pertama di Indonesia. Dampaknya, sekarang tidak ada lagi batasan ruang dan dukungan untuk berekspresi, untuk terus menggerakkan pemajuan kebudayaan,\" kata Mendikbud Ristek. \r\nOleh karena itu, dia mengajak para penggerak Merdeka Belajar di seluruh Indonesia agar tidak berhenti bergerak meski sejenak. \"Kita akan terus memegang komando, memimpin pemulihan bersama, bergerak untuk Merdeka Belajar,\" tukas Nadiem dengan penuh semangat.\r\n', 'edukasi 4.jpg'),
(59, 3, 'SEA Games 2021: Jadwal Timnas Indonesia Usai Libas Filipina 4-0', 'Muhamad Fajar', '2022-05-14', 'Timnas U23 Indonesia tinggal menyisakan satu pertandingan lagi dalam jadwal SEA Games 2021 di Grup A. Sebelumnya, timnas U23 Indonesia telah melewati tiga pertandingan dengan hasil dua kemenangan dan satu kekalahan. \r\nGaruda Muda awalnya memulai SEA Games 2021 dengan hasil buruk menyusul kekalahan 0-3 dari Vietnam. Kemudian, pasukan Shin Tae-yong bangkit dengan mengalahkan Timor Leste 4-1 dan terkini menang telak 4-0 atas Filipina. \r\nAdapun laga timnas Indonesia vs Filipina digelar di Stadion Viet Tri, Phu Tho, Vietnam, pada Jumat (13/5/2022) sore WIB. Garuda Muda berpesta berkat gol-gol dari Muhammad Ridwan (18), Rizky Ridho (44), Egy Maulana Vikri (75), dan penalti Marselino Ferdinan (85). Hasil ini membuat Indonesia memuncaki klasemen Grup A SEA Games 2021 untuk sementara, setelah mengemas dua kemenangan dari tiga laga (6 poin).\r\n', 'olahraga 1.jpg'),
(60, 3, 'Timnas Basket 3x3 Putra Kalahkan Filipina untuk Jaga Asa ke Semifinal SEA Games', 'Muhamad Fajar', '2022-05-01', 'JAKARTA -- Hasil di luar dugaan diraih timnas basket 3x3 putra Indonesia pada babak penyisihanSEA Games Vietnam. Dari empat laga, Indonesia kalah dua kali dari lawan tak terduga, tapi bisa menjaga asa ke semifinal setelah mengalahkan Filipina 15-13 di Thanh Tri Gymnasiums, Jumat (13/5/2022).\r\nPada laga pembuka, Indonesia di luar dugaan harus mengakui keunggulan Singapura 15-21. Setelah itu skuad Merah-Putih berhasil bangkit dan menang tipis 20-19 atas Malaysia lewat tembakan buzzer beater Jamarr Andre Johnson. Namun pada laga ketiga Indonesia takluk 10-22 dari tuan rumah Vietnam. Untungnya pada laga pamungkas hari pertama, Indonesia bisa mengalahkan Filipina.\r\n\r\nManajer tim basket 3x3 putra Indonesia Ferri Jufry ketika dihubungi Republika.co.id menjelaskan alasan hasil-hasil tak terduga tersebut. \"Hari pertama ada penyesuaian. Tadi lawan Singapura kita kurang pemanasan dan ada faktor non-teknis,\"ujarnya.\r\n\r\nPada laga kedua, timnas Indonesia meningkat sehingga bisa menang. Namun, Surliyadin dkk tak berdaya pada gim ketiga karea waktu istirahat yang sebentar.\r\n\r\n\"Selain itu Vietnam tadi tembakan outside-nya sangat bagus. Kita kalah telak,\" ujar Ferri.\r\n\r\nSetelah itu, Indonesia mendapatkan waktu istirahat sekitar dua jam. \"Anak-anak kembali bugar dan akhirnya bisa menang lawan Filipina. Hasil dua menang dan dua kalah, dan besok masih menyisakan dua laga lawan Thailand dan Kamboja. Wajib kita ambil untuk mengamankan kita ke semifinal. Empat gim hari ini gak ada yang mudah susah semua,\" kata Ferry.\r\n', 'olahraga 6.jpg'),
(61, 3, ' Tiga Skenario yang Bisa Dipilih Tuchel Jika Kovacic Absen Bela Chelsea di Final Piala FA', 'Muhamad Fajar', '2022-05-14', 'LONDON -- Mateo Kovacic kemungkinan besar akan absen saat Chelsea menghadapi Liverpool di final Piala FA di Stadion Wembley, Sabtu (14/5/2022). Kovacic ditarik keluar ketika melawan Leeds United karena cedera pergelangan kaki.\r\nKovacic merupakan korban dari tekel mengerikan dari pemain sayap Leeds United Daniel James di Elland Road tengah pekan ini. Karena itulah manajer Thomas Tuchel harus bersiap dengan skenario tanpa Kovacic saat melawan Liverpool.\r\n\r\n\"Jika dia melewatkannya (final Piala FA) saya sangat kecewa, karena dia adalah starter yang jelas. Jika Anda melihat kualitas dengan Jorgi dan dia di lini tengah, bahkan ketika kami bermain sebelas lawan sebelas, itu adalah awal yang sangat kuat. Dia sosok kunci bagi kami di lini tengah,\" kata Tuchel, dikutip dari Football London, Jumat (13/5/2022).\r\n\r\nKabar baiknya, cederanya tidak seserius yang ditakutkan di awal. Bahkan ada kemungkinan Kovacic terlibat jika ia bisa hadir pada sesi latihan terakhir Chelsea jelang final Piala FA.\r\n\r\nTuchel akan sangat berharap itu terjadi. Namun jika Kovacic tidak siap untuk tampil di Wembley, maka pelatih kepala Chelsea akan memiliki masalah untuk dipecahkan tentang bagaimana mengatur lini tengahnya melawan tim asuhan Juergen Klopp.\r\n\r\nBerikut tiga opsi yang bisa dipilih oleh Tuchel untuk lini tengah Chelsea, dikutip dari Football London:\r\n\r\nDuet Jorginho-Kante\r\n\r\nSetahun lalu, Kovacic adalah gelandang pilihan ketiga Chelsea di belakang Jorginho dan NGolo Kante. Maka opsi yang jelas bagi Tuchel adalah kembali ke double six yang menjadi starter di final Liga Champions musim lalu melawan Manchester City. Namun, ada sedikit kekhawatiran tentang itu, yakni kebugaran NGolo Kante. Pemain Prancis itu telah melewatkan tiga pertandingan sebelumnya oleh the Blues karena cedera yang tidak diungkapkan. Kabar baik bagi Tuchel adalah Kante sudah kembali berlatih kemarin pada Kamis menjelang final.\r\n\r\n\"(Peluang) terakhir baginya untuk siap menghadapi hari Sabtu adalah pada hari Jumat. Seperti yang Anda lihat, ini sangat dekat dengan apa yang kami lakukan. Kami harus melihatnya,\" kata Tuchel.\r\n', 'olahraga 7.jpg'),
(62, 4, 'Asal-usul Nama Hamburger, Makanan Sejuta Umat', 'Muhamad Fajar', '2022-02-16', 'Indonesia -- Hamburger menjadi makanan sejuta umat yang disukai hampir semua orang.\r\nAnak-anak, remaja hingga dewasa menyukai roti bun yang dilapisi sayuran, tomat, dan daging giling ini.\r\n\r\nNamun, mungkin saja pernah terlintas dalam pikiran Anda saat menyantap satu tangkup burger, kira-kira dari mana makanan lezat ini berasal? Mengapa diberi nama hamburger padahal di dalamnya tak ditemukan sepotong pun daging ham.\r\n\r\nAsal-usul Nama Hamburger\r\nKetika orang Eropa bermigrasi ke Amerika Serikat secara massal pada abad ke-18 dan ke-19, mereka membawa serta makanan favorit mereka, termasuk steak hamburg. Nama terakhir merupakan roti goreng dari daging sapi cincang dan bawang cincang yang diikat bersama dengan telur, remah roti, dan rempah-rempah ringan.\r\n\r\nMenukil laman U.S Department of Agriculture, nama hamburger berasal dari kota pelabuhan Hamburg, Jerman. Burger yang kita kenal sekarang berevolusi dari steak Hamburg.\r\n\r\nNama hidangan Jerman itu disingkat menjadi hamburgs. Kemudian, ketika daging sapi itu akhirnya diapit di antara dua potong roti, namanya pun menjadi hamburger.\r\nBeberapa sumber mengklaim kata hamburger pertama kali muncul di menu pada tahun 1873, ketika restoran Delmonico di New York City mengiklankan steak hamburger. Tidak lama setelah itu, orang Amerika kemudian menyingkatnya menjadi burger.\r\n', 'Makanan 5.jpg'),
(63, 4, ' Waspada, 3 Makanan Ini Dapat Menyebabkan Asam Urat Tinggi', 'Muhamad Fajar', '2021-12-13', 'Rasa nyeri tubuh, bengkak pada sela jari dan persendiaan merupakan beberapa tanda kadar asam urat dalam tubuh meningkat. Rasa nyeri yang muncul menyababkan rasa tak nyaman dan dapat menganggu aktivitas dan produktifitas.\r\n\r\nBeberapa makanan yang kamu anggap sehat, ternyata dapat menyebabkan asam urat dalam tubuh meningkat. Asam urat merupakan produk limbah alami yang dikeluarkan dari tubuh setelah pencernaan makanan yang kaya purin.\r\nPurin adalah senyawa kimia yang terdiri dari atom karbon dan nitrogen yang dipecah di dalam tubuh. Karena itu, ketika kita mengonsumsi makanan kaya purin secara berlebihan, tubuh tidak mampu mengolah dan gagal mencernanya, sehingga menyebabkan peningkatan kadar asam urat. Peningkatan kadar asam urat dalam aliran darah juga dapat menyebabkan asam urat.\r\n\r\nPada wanita, kadar asam urat normal adalah 2,4–6,0 miligram per desiliter (mg/dL). Sementara pada pria, asam urat normal adalah 3,4–7,6 mg/dL dan pada anak-anak adalah 2,0–5,5 mg/dL.\r\n\r\nDilansir dari laman healthshots.com, tiga makanan berikut dapat meningkatkan kadar asam urat. Apa saja?\r\n\r\nSeafood\r\nMakanan laut atau seafood memang tak pernah gagal menggugah selera, ya. Tapi makanan laut seperti kepiting, udang, kerang dan lainnya dapat menyebabkan penyakit asam urat karena makanan ini mengandung purin yang tinggi.\r\n\r\nKamu yang menyukai makanan ini tapi memiliki resiko asam urat, maka harus menghindarinya, ya. Kamu dapat membatasi makanan yang kaya purin dengan mengonsumsinya tidak lebih dari dari 6ons per hari.\r\nJeroan\r\nSelain seafood, jeroan juga memiliki cita rasa sendiri bagi penyukanya. Tapi ternyata jeroan dari olahan organ seperti, usus, hati, ginjal dan lainnya ini mengandung purin yang tinggi dan dapat menyebabkan asam urat, sehingga makanan ini dianggap tidak sehat dan dapat memperburuk masalah asam urat di persendian.\r\nMakanan dan minuman tinggi gula\r\nMakanan dan minuman yang mengandung gula dan fruktosa dapat dengan cepat meningkatkan pembentukan asam urat dan karenanya meningkatkan keparahan penyakit asam urat. Meskipun minuman tersebut tidak tinggi purin, namun tetap berbahaya karena kandungan fruktosanya yang tinggi.\r\n', 'Makanan 6.png'),
(64, 5, 'Dinkes DKI Jelaskan Pernyataan Wagub Soal 14 Kasus Konfirmasi Hepatitis Akut', 'Muhamad Fajar', '2022-05-14', 'Jakarta - Kepala Seksi Surveilans Epidemiologi dan Imunisasi Dinas Kesehatan DKI Jakarta dr Ngabila Salama menjelaskan pernyataan Wakil Gubernur Ahmad Riza Patria terkait konfirmasi 14 kasus hepatitis akut misterius di DKI Jakarta. Ia menegaskan belum ada satupun kasus konfirmasi hepatitis akut misterius, kasus yang ditemukan merupakan kategori probable, hingga pending klasifikasi.\r\n\"Karena berdasarkan klasifikasi Organisasi Kesehatan Dunia (WHO) saja di dunia ini belum ada satu orang pun kasus konfirmasi,\" tegas dr Ngabila kepada detikcom Jumat (13/5/2022).\r\n \r\n\"Mana mungkin DKI Jakarta sudah 14 kasus,\" sambung dia.\r\n \r\ndr Ngabila kemudian merinci total kasus diduga hepatitis akut misterius atau unknown etiology DKI Jakarta per 13 Mei 2022 pukul 12:00 seperti berikut:. \r\n \r\nKasus konfirmasi: 0 kasus. \r\n \r\nKasus probable:. \r\n \r\nPerempuan: 1 kasus. \r\nLaki-laki: -. \r\nKasus pending klasifikasi:. \r\n \r\nPerempuan: 5 kasus. \r\nLaki-laki: 5 kasus. \r\nProses verifikasi: 2 kasus. \r\nEpi linked:. \r\n \r\nPerempuan: -. \r\nLaki-laki: 1 kasus. \r\nSebaran wilayah 14 kasus terduga hepatitis akut misterius:. \r\n \r\nJakarta Pusat: 3 kasus. \r\nJakarta Utara: 5 kasus. \r\nJakarta Barat: 1 kasus. \r\nJakarta Selatan: 0 kasus. \r\nJakarta Timur: 2 kasus. \r\nKepulauan Seribu: 0 kasus. \r\nLuar DKI Jakarta: 1 kasus. \r\nProses verifikasi: 2 kasus. \r\n \r\n \r\n', 'kesehatan10.jpeg'),
(65, 5, 'Korut Akhirnya Hadapi COVID-19, Korsel Tawarkan Bantuan Vaksin', 'Muhamad Fajar', '2022-05-13', 'Jakarta - Korea Utara (Korut) pada Jumat (13/5/2022), mengungkap satu kasus kematian COVID-19 pertama di negaranya. Setelah kurang lebih dua tahun mengklaim tak ada kasus COVID-19, negara tersebut menyatakan status darurat per Kamis (11/5) dengan melakukan lockdown nasional.\r\nMengetahui kondisi ini, Korea Selatan berencana memberikan bantuan vaksin COVID-19 dan pasokan medis lain untuk penanggulangan bencana. Hal ini disampaikan langsung oleh kKantor kKepresidenan Korea Selatan pada Jumat (13/5/2022).\r\n \r\n\"Presiden Yoon Suk Yeol akan memberikan bantuan vaksin COVID-19 dan pasokan medis lain untuk rakyat Korea Utara,\" kata kantor kepresidenan, dikutip dari The Korea Herald, Jumat (13/5/2022).\r\n \r\nMeski demikian, pihak Pyongyang belum mengindikasikan akan menerima tawaran tersebut. Tawaran bantuan internasional sejak awal pandemi COVID-19 memang kerap ditolak Korut.\r\n \r\n\"Korea Utara melaporkan kasus COVID-19 yang menyebar dengan cepat dan adanya peningkatan tinggi pasien diduga terinfeksi COVID-19. Kami akan membahas tentang bagaimana kami akan memberikan dukungan dengan Korea Utara,\" tambah pihak kepresidenan.\r\n \r\nDikutip Reuters, tidak diketahui secara jelas berapa banyak warga Korut yang terpapar COVID-19. Namun, media pemerintah Korut melaporkan 187.800 tengah dirawat di ruang isolasi.\r\n \r\n\"Pada 12 Mei, sebanyak terdapat 18.000 kasus demam yang tercatat secara nasional dan saat ini sebanyak 187.800 orang tengah dikarantina dan mendapat perawatan,\" kata KCNA, kantor berita Korea Utara.\r\n', 'Kesehatan 11.png');

-- --------------------------------------------------------

--
-- Table structure for table `kategori`
--

CREATE TABLE `kategori` (
  `id_kategori` int(11) NOT NULL,
  `nama_kategori` varchar(255) NOT NULL
) ENGINE=InnoDB DEFAULT CHARSET=utf8mb4;

--
-- Dumping data for table `kategori`
--

INSERT INTO `kategori` (`id_kategori`, `nama_kategori`) VALUES
(1, 'Politik'),
(2, 'Bisnis'),
(3, 'Olahraga'),
(4, 'Makanan'),
(5, 'Kesehatan'),
(6, 'Edukasi');

-- --------------------------------------------------------

--
-- Table structure for table `ulasan`
--

CREATE TABLE `ulasan` (
  `id_ulasan` int(11) NOT NULL,
  `id_user` varchar(50) NOT NULL,
  `judul_ulasan` varchar(255) NOT NULL,
  `content` text NOT NULL
) ENGINE=InnoDB DEFAULT CHARSET=utf8mb4;

--
-- Dumping data for table `ulasan`
--

INSERT INTO `ulasan` (`id_ulasan`, `id_user`, `judul_ulasan`, `content`) VALUES
(4, 'fajar', 'asdasdasdas', 'asdasdsadsad');

-- --------------------------------------------------------

--
-- Table structure for table `user`
--

CREATE TABLE `user` (
  `id` varchar(30) NOT NULL,
  `username` varchar(50) NOT NULL,
  `email` varchar(50) NOT NULL,
  `jeniskelamin` enum('Laki-Laki','Perempuan','','') NOT NULL,
  `pekerjaan` varchar(50) NOT NULL,
  `password_user` varchar(50) NOT NULL,
  `thumbnail` varchar(255) NOT NULL,
  `level_user` varchar(15) NOT NULL
) ENGINE=InnoDB DEFAULT CHARSET=utf8mb4;

--
-- Dumping data for table `user`
--

INSERT INTO `user` (`id`, `username`, `email`, `jeniskelamin`, `pekerjaan`, `password_user`, `thumbnail`, `level_user`) VALUES
('123', '123', '123@123', 'Laki-Laki', '123', '40bd001563085fc35165329ea1ff5c5ecbdbbeef', 'album name jadi cluster.png', 'user'),
('admin', 'admin', 'admin.admin@gmail.com', 'Laki-Laki', 'admin', 'f865b53623b121fd34ee5426c792e5c33af8c227', 'fajar.jpeg', 'admin'),
('fajar', 'fajar', 'fajaryudhistiraherjanto@gmail.com', 'Laki-Laki', 'mahasiswa', '40bd001563085fc35165329ea1ff5c5ecbdbbeef', 'fajar.jpeg', 'user'),
('fajar1', 'fajar1', 'fajar@gmail', 'Laki-Laki', 'mahasiswa', '123456', 'defaultuser.png', 'user');

--
-- Indexes for dumped tables
--

--
-- Indexes for table `berita`
--
ALTER TABLE `berita`
  ADD PRIMARY KEY (`id_berita`),
  ADD KEY `berita_ibfk_1` (`id_kategori`);

--
-- Indexes for table `kategori`
--
ALTER TABLE `kategori`
  ADD PRIMARY KEY (`id_kategori`);

--
-- Indexes for table `ulasan`
--
ALTER TABLE `ulasan`
  ADD PRIMARY KEY (`id_ulasan`),
  ADD KEY `id_user` (`id_user`);

--
-- Indexes for table `user`
--
ALTER TABLE `user`
  ADD PRIMARY KEY (`id`);

--
-- AUTO_INCREMENT for dumped tables
--

--
-- AUTO_INCREMENT for table `berita`
--
ALTER TABLE `berita`
  MODIFY `id_berita` int(11) NOT NULL AUTO_INCREMENT, AUTO_INCREMENT=66;

--
-- AUTO_INCREMENT for table `kategori`
--
ALTER TABLE `kategori`
  MODIFY `id_kategori` int(11) NOT NULL AUTO_INCREMENT, AUTO_INCREMENT=7;

--
-- AUTO_INCREMENT for table `ulasan`
--
ALTER TABLE `ulasan`
  MODIFY `id_ulasan` int(11) NOT NULL AUTO_INCREMENT, AUTO_INCREMENT=5;

--
-- Constraints for dumped tables
--

--
-- Constraints for table `berita`
--
ALTER TABLE `berita`
  ADD CONSTRAINT `berita_ibfk_1` FOREIGN KEY (`id_kategori`) REFERENCES `kategori` (`id_kategori`) ON DELETE CASCADE ON UPDATE CASCADE;

--
-- Constraints for table `ulasan`
--
ALTER TABLE `ulasan`
  ADD CONSTRAINT `ulasan_ibfk_1` FOREIGN KEY (`id_user`) REFERENCES `user` (`id`);
COMMIT;

/*!40101 SET CHARACTER_SET_CLIENT=@OLD_CHARACTER_SET_CLIENT */;
/*!40101 SET CHARACTER_SET_RESULTS=@OLD_CHARACTER_SET_RESULTS */;
/*!40101 SET COLLATION_CONNECTION=@OLD_COLLATION_CONNECTION */;
